name,street_address,city,state,postal_code,latitude,longitude,phone,website,rating_value,review_count,services,google_place_id,description,source_url,canonical_url
24 Hour Fitness,8810 Apollo Way,Downey,California,90242,33.920778,-118.1330018,(562) 382-6230,https://www.24hourfitness.com/gyms/downey-ca/downey-super-sport?Adb_id=GGL_LOC_ACQ_CDP,3.6,654,"Hot Tub, Infrared Sauna, Massage, Steam Room, Traditional Sauna",ChIJ5R7Ffm3NwoARwipnf-vM-Mo,"Traditional Sauna available in Downey, California. Day Pass available.",https://plungesaunafinder.com/california/downey/24-hour-fitness-8810,https://plungesaunafinder.com/california/downey/24-hour-fitness-8810
City Sports Club,5001 Lone Tree Wy,Antioch,California,94531,37.9627987,-121.7580229,(925) 732-9488,https://citysportsfitness.com/Pages/clubhome.aspx?clubid=1189&utm_source=google&utm_medium=googlemaps&utm_campaign=maps,4.1,250,"Hot Tub, Infrared Sauna, Traditional Sauna",ChIJo5h6XY_4j4ARRKMgdMATnYY,"Traditional Sauna available in Antioch, California. Day Pass available.",https://plungesaunafinder.com/california/antioch/city-sports-club,https://plungesaunafinder.com/california/antioch/city-sports-club
Onix Fitness,5010 2nd St,Long Beach,California,90803,33.7606978,-118.1364727,(562) 438-6649,https://www.onixfitness.com/,5,36,"Infrared Sauna, Cold Plunge, Red Light Therapy, Massage",ChIJc--Kx98x3YARV5Re2aCWSqc,"Infrared Sauna available in Long Beach, California. Membership available.",https://plungesaunafinder.com/california/long-beach/onix-fitness,https://plungesaunafinder.com/california/long-beach/onix-fitness
24 Hour Fitness,3030 N Bellflower Blvd,Long Beach,California,90808,33.8112966,-118.1248293,(562) 420-1444,https://www.24hourfitness.com/gyms/long-beach-ca/long-beach-super-sport?Adb_id=GGL_LOC_ACQ_CDP,4,564,"Hot Tub, Infrared Sauna, Steam Room, Traditional Sauna",ChIJIWtWOx0y3YAR_-q5BzNa8BU,"Traditional Sauna available in Long Beach, California. Membership available.",https://plungesaunafinder.com/california/long-beach/24-hour-fitness-south-of-conant,https://plungesaunafinder.com/california/long-beach/24-hour-fitness-south-of-conant
24 Hour Fitness,125 N First Ave,Arcadia,California,91006,34.1419223,-118.0287283,(626) 446-3000,https://www.24hourfitness.com/gyms/arcadia-ca/arcadia-sport?Adb_id=GGL_LOC_ACQ_CDP,4,625,"Hot Tub, Infrared Sauna, Massage, Steam Room, Traditional Sauna",ChIJXdIciufbwoARKqL8I-LTTlo,"Traditional Sauna available in Arcadia, California. Day Pass available.",https://plungesaunafinder.com/california/arcadia/24-hour-fitness-125,https://plungesaunafinder.com/california/arcadia/24-hour-fitness-125
Imperfect Mastery Cold Plunge + Sauna,216 The Promenade N ste 300,Long Beach,California,90802,33.7697536,-118.1906597,,https://www.imperfectmastery.co/,5,5,"Cold Plunge, Infrared Sauna",ChIJjeFmPU0x3YARm_fP97_T_jg,"Cold Plunge available in Long Beach, California. Membership available.",https://plungesaunafinder.com/california/long-beach/imperfect-mastery-cold-plunge-sauna,https://plungesaunafinder.com/california/long-beach/imperfect-mastery-cold-plunge-sauna
24 Hour Fitness,12354 Limonite Ave,Eastvale,California,91752,33.9735542,-117.5529956,(951) 360-1696,https://www.24hourfitness.com/gyms/eastvale-ca/eastvale-super-sport?Adb_id=GGL_LOC_ACQ_CDP,3.8,567,"Hot Tub, Infrared Sauna, Massage, Steam Room, Traditional Sauna",ChIJzedwwQC03IARl54IuyQ8ydA,"Traditional Sauna available in Eastvale, California. Day Pass available.",https://plungesaunafinder.com/california/eastvale/24-hour-fitness-12354,https://plungesaunafinder.com/california/eastvale/24-hour-fitness-12354
24 Hour Fitness,2520 Somersville Rd,Antioch,California,94509,38.00117,-121.84176,(925) 753-1553,https://www.24hourfitness.com/gyms/antioch-ca/antioch-somersville-super-sport?Adb_id=GGL_LOC_ACQ_CDP,4,267,"Hot Tub, Infrared Sauna, Massage, Steam Room, Traditional Sauna",ChIJaUZIcLtZhYARsSx4c0zniGw,"Traditional Sauna available in Antioch, California. Day Pass available.",https://plungesaunafinder.com/california/antioch/24-hour-fitness-2520,https://plungesaunafinder.com/california/antioch/24-hour-fitness-2520
Lakeridge Athletic Club,6350 San Pablo Dam Rd,El Sobrante,California,94803,37.9486823,-122.2699694,(510) 222-2500,https://www.lakeridgeathletic.com/,4.5,128,"Hot Tub, Infrared Sauna, Massage, Steam Room, Traditional Sauna",ChIJ-ctknIt5hYARwGkYCOVIqCo,"Traditional Sauna available in El Sobrante, California. Membership available.",https://plungesaunafinder.com/california/el-sobrante/lakeridge-athletic-club,https://plungesaunafinder.com/california/el-sobrante/lakeridge-athletic-club
Pause South Bay,820 Pacific Coast Hwy Suite 110,El Segundo,California,90245,33.9034627,-118.3954585,(310) 388-9538,https://pausestudio.com/southbay,4.9,130,"Infrared Sauna, Cold Plunge, Cryotherapy, Float, Massage",ChIJc9HdUp2zwoARbFxTWEXhXWQ,"Infrared Sauna available in El Segundo, California. Day Pass available.",https://plungesaunafinder.com/california/el-segundo/pause-south-bay,https://plungesaunafinder.com/california/el-segundo/pause-south-bay
Radiance Infrared Sauna and Salt Lounge,4512 Atlantic Ave,Long Beach,California,90807,33.8401704,-118.1843747,(562) 286-1180,https://radianceinfrared.com/,5,58,"Infrared Sauna, Halotherapy",ChIJs-PwzyMz3YAR7VWJWthgphg,"Infrared Sauna available in Long Beach, California. Membership available.",https://plungesaunafinder.com/california/long-beach/radiance-infrared-sauna-and-salt-lounge,https://plungesaunafinder.com/california/long-beach/radiance-infrared-sauna-and-salt-lounge
Perspire Sauna Studio,4201 McGowen St Suite 210,Long Beach,California,90808,33.8305976,-118.1440402,(562) 837-0789,https://www.perspiresaunastudio.com/ca/long-beach-exchange/,4.9,53,"Cold Plunge, Halotherapy, Infrared Sauna, Red Light Therapy",ChIJJ13Kx-gz3YAR7Yd2ozCwD2c,"Red Light Therapy available in Long Beach, California. Day Pass available.",https://plungesaunafinder.com/california/long-beach/perspire-sauna-studio-4201,https://plungesaunafinder.com/california/long-beach/perspire-sauna-studio-4201
24 Hour Fitness,10636 San Pablo Ave,El Cerrito,California,94530,37.9123715,-122.3075438,(510) 900-6279,https://www.24hourfitness.com/gyms/el-cerrito-ca/el-cerrito-super-sport?Adb_id=GGL_LOC_ACQ_CDP,3.9,477,"Hot Tub, Infrared Sauna, Massage, Steam Room, Traditional Sauna",ChIJ7TZXwLl5hYARhp4xyjp-lKI,"Traditional Sauna available in El Cerrito, California. Day Pass available.",https://plungesaunafinder.com/california/el-cerrito/24-hour-fitness-10636,https://plungesaunafinder.com/california/el-cerrito/24-hour-fitness-10636
4:13 Fitness Center - Valley Plaza,1531 Main St,El Centro,California,92243,32.7921356,-115.5707043,(442) 231-8389,https://www.413gym.com/,4.9,115,"Cold Plunge, Infrared Sauna, Traditional Sauna",ChIJgS-RGSNh14AR6fMDzJcncCk,"Traditional Sauna available in El Centro, California. Membership available.",https://plungesaunafinder.com/california/el-centro/4-13-fitness-center-valley-plaza,https://plungesaunafinder.com/california/el-centro/4-13-fitness-center-valley-plaza
24 Hour Fitness,198 W Main St,El Cajon,California,92020,32.7963173,-116.9642133,(619) 442-0293,https://www.24hourfitness.com/gyms/el-cajon-ca/el-cajon-main-st-super-sport?Adb_id=GGL_LOC_ACQ_CDP,3.5,630,"Hot Tub, Infrared Sauna, Massage, Steam Room, Traditional Sauna",ChIJnTqyjC1Y2YARB1c1ybQMX1k,"Traditional Sauna available in El Cajon, California. Day Pass available.",https://plungesaunafinder.com/california/el-cajon/24-hour-fitness-198,https://plungesaunafinder.com/california/el-cajon/24-hour-fitness-198
24 Hour Fitness,7905 Walerga Rd,Antelope,California,95843,38.712466,-121.3659583,(916) 723-2432,https://www.24hourfitness.com/gyms/antelope-ca/antelope-marketplace-sport?Adb_id=GGL_LOC_ACQ_CDP,3.2,371,"Hot Tub, Infrared Sauna, Massage, Steam Room, Traditional Sauna",ChIJOelY90Unm4ARNcUDhJ70x0Y,"Traditional Sauna available in Antelope, California. Day Pass available.",https://plungesaunafinder.com/california/antelope/24-hour-fitness-7905,https://plungesaunafinder.com/california/antelope/24-hour-fitness-7905
24 Hour Fitness,18825 Bear Valley Rd,Apple Valley,California,92308,34.4674934,-117.2515284,(760) 810-4067,https://www.24hourfitness.com/gyms/apple-valley-ca/apple-valley-super-sport?Adb_id=GGL_LOC_ACQ_CDP,3.9,432,"Hot Tub, Infrared Sauna, Massage, Steam Room, Traditional Sauna",ChIJN5vAoNlgw4ARf543wrWQMlY,"Traditional Sauna available in Apple Valley, California. Day Pass available.",https://plungesaunafinder.com/california/apple-valley/24-hour-fitness-18825,https://plungesaunafinder.com/california/apple-valley/24-hour-fitness-18825
Hidden Sanctuary by Human Aeon,121 Belmont Ave,Long Beach,California,90803,33.7617983,-118.1451135,(562) 476-9989,https://www.humanaeon.com/,5,26,"Cold Plunge, Hot Tub, Infrared Sauna, Traditional Sauna, Massage, Float, Jacuzzi",ChIJd2LJlGEx3YARaJVIksHy8lg,"Cold Plunge available in Long Beach, California. Day Pass available.",https://plungesaunafinder.com/california/long-beach/hidden-sanctuary-by-human-aeon,https://plungesaunafinder.com/california/long-beach/hidden-sanctuary-by-human-aeon
Cellevate,6445 E Pacific Coast Hwy,Long Beach,California,90803,33.7573147,-118.109194,,https://www.cellevate.us/,5,25,"Infrared Sauna, Cold Plunge, Jacuzzi",ChIJSTjhTl0v3YARs27tEumiS80,"Infrared Sauna available in Long Beach, California. Membership available.",https://plungesaunafinder.com/california/long-beach/cellevate,https://plungesaunafinder.com/california/long-beach/cellevate
"HOTWORX - Elk Grove, CA - Laguna Blvd",5110 Laguna Blvd Suite 121,Elk Grove,California,95758,38.4221281,-121.444859,(916) 864-9679,https://www.hotworx.net/studio/elkgrove-lagunablvd,4,24,Infrared Sauna,ChIJ6VO09DbHmoARIOPdSwpKbbw,"Infrared Sauna available in Elk Grove, California. Membership available.",https://plungesaunafinder.com/california/elk-grove/hotworx-elk-grove-ca-laguna-blvd,https://plungesaunafinder.com/california/elk-grove/hotworx-elk-grove-ca-laguna-blvd
SweatHouz Long Beach Contrast Therapy Studio,6480 E Pacific Coast Hwy Suite 152,Long Beach,California,90803,33.7554778,-118.1099574,(562) 837-0072,https://sweathouz.com/long-beach-book-now/,4.8,32,"Cold Plunge, Infrared Sauna, Traditional Sauna",ChIJXVasKTYv3YARwvfDvlpAyn8,"Traditional Sauna available in Long Beach, California. Day Pass available.",https://plungesaunafinder.com/california/long-beach/sweathouz-long-beach-contrast-therapy-studio,https://plungesaunafinder.com/california/long-beach/sweathouz-long-beach-contrast-therapy-studio
Cafe Mokka,495 J St,Arcata,California,95521,40.866247,-124.0903,(707) 822-2228,http://cafemokkaarcata.com/,4.7,651,"Hot Tub, Infrared Sauna, Traditional Sauna",ChIJH84tPARX0VQRmIoFd-KbFkk,"Traditional Sauna available in Arcata, California. Private Session available.",https://plungesaunafinder.com/california/arcata/cafe-mokka,https://plungesaunafinder.com/california/arcata/cafe-mokka
Finnish Country Sauna & Tubs,495 J St,Arcata,California,95521,40.866247,-124.0903,(707) 822-2228,http://www.cafemokkaarcata.com/,4.8,523,"Hot Tub, Infrared Sauna, Traditional Sauna",ChIJH84tPARX0VQRfxq_z0Zuq-M,"Traditional Sauna available in Arcata, California. Private Session available.",https://plungesaunafinder.com/california/arcata/finnish-country-sauna-tubs,https://plungesaunafinder.com/california/arcata/finnish-country-sauna-tubs
Westside Sweat Club,4300 Pacific Coast Hwy,Long Beach,California,90804,33.7889186,-118.1421415,(949) 799-7913,https://www.westsidesweatclub.com/,5,11,"Cold Plunge, Float, Infrared Sauna, Traditional Sauna",ChIJQdaF-0O7woARsetJPSHCcnQ,"Traditional Sauna available in Long Beach, California. Private Session available.",https://plungesaunafinder.com/california/long-beach/westside-sweat-club,https://plungesaunafinder.com/california/long-beach/westside-sweat-club
24 Hour Fitness,4951 Katella Ave,Los Alamitos,California,90720,33.803932,-118.045666,(714) 826-7172,https://www.24hourfitness.com/gyms/los-alamitos-ca/cypress-sport?Adb_id=GGL_LOC_ACQ_CDP,3.8,522,"Hot Tub, Infrared Sauna, Massage, Steam Room, Traditional Sauna",ChIJnRKHp-4u3YARi-xUQMpnuiw,"Traditional Sauna available in Los Alamitos, California. Day Pass available.",https://plungesaunafinder.com/california/los-alamitos/24-hour-fitness-4951,https://plungesaunafinder.com/california/los-alamitos/24-hour-fitness-4951
Total Sculpting,7811 Laguna Blvd #180,Elk Grove,California,95758,38.4231549,-121.4114401,(279) 333-7258,http://www.totalsculpting.com/,5,63,"Infrared Sauna, Cold Plunge, Cryotherapy, Red Light Therapy",ChIJpeVgJn_HmoAR6g0aqamYfVQ,"Infrared Sauna available in Elk Grove, California. Membership available.",https://plungesaunafinder.com/california/elk-grove/total-sculpting,https://plungesaunafinder.com/california/elk-grove/total-sculpting
Sauna Surround You,13013 West End Rd,Arcata,California,95521,40.876658,-124.011819,(707) 722-7324,http://saunasurroundyou.com/,,,"Infrared Sauna, Traditional Sauna",,"Traditional Sauna available in Arcata, California. Private Session available.",https://plungesaunafinder.com/california/arcata/sauna-surround-you,https://plungesaunafinder.com/california/arcata/sauna-surround-you
Transformation by Cryotherapy,9589 2nd Ave # E1,Elk Grove,California,95624,38.4097242,-121.3655284,(916) 201-4513,https://transformationbycryotherapy.com/,4.6,41,"Cryotherapy, Infrared Sauna",ChIJdSZ_v2zHmoARRUf2Phkzz6A,"Cryotherapy available in Elk Grove, California. Private Session available.",https://plungesaunafinder.com/california/elk-grove/transformation-by-cryotherapy,https://plungesaunafinder.com/california/elk-grove/transformation-by-cryotherapy
Surfside Sauna,Nobi Point,Avila Beach,California,93424,35.1756583,-120.7531132,,https://surfsidesauna.com/,5,22,"Cold Plunge, Infrared Sauna, Traditional Sauna",ChIJ4fBQrqL57IARYMcc2OKSmY4,"Traditional Sauna available in Avila Beach, California. Day Pass available.",https://plungesaunafinder.com/california/avila-beach/surfside-sauna,https://plungesaunafinder.com/california/avila-beach/surfside-sauna
24 Hour Fitness,230 E Via Rancho Pkwy Suite 2001,Escondido,California,92025,33.0718277,-117.06595,(760) 705-9857,https://www.24hourfitness.com/gyms/escondido-ca/escondido-north-county-mall-super-sport?Adb_id=GGL_LOC_ACQ_CDP,3.9,229,"Hot Tub, Infrared Sauna, Massage, Steam Room, Traditional Sauna",ChIJ6f1ax-Lz24ARpDlmHI3hwKQ,"Traditional Sauna available in Escondido, California. Day Pass available.",https://plungesaunafinder.com/california/escondido/24-hour-fitness-kit-carson,https://plungesaunafinder.com/california/escondido/24-hour-fitness-kit-carson
The Longevity Collective,771 Center Blvd,Fairfax,California,94930,37.9859809,-122.5843497,(415) 300-5268,https://www.marintlc.com/?utm_source=gmb_auth,5,9,"Red Light Therapy, Cold Plunge, Infrared Sauna, PEMF Therapy",ChIJtfKUB7OXhYARtM9PwX89yZE,"Red Light Therapy available in Fairfax, California. Private Session available.",https://plungesaunafinder.com/california/fairfax/the-longevity-collective,https://plungesaunafinder.com/california/fairfax/the-longevity-collective
Blu Life Wellness Studio,330 W Felicita Ave B-6,Escondido,California,92025,33.1046707,-117.0739378,(760) 975-3502,https://www.blulifewellness.com/,5,57,"Infrared Sauna, Cold Plunge",ChIJcSWA413z24AR5U5o3aO4G1E,"Infrared Sauna available in Escondido, California. Private Session available.",https://plungesaunafinder.com/california/escondido/blu-life-wellness-studio,https://plungesaunafinder.com/california/escondido/blu-life-wellness-studio
Living Water Rejuvenation Center,159 E 3rd Ave,Escondido,California,92025,33.1202365,-117.0788324,(760) 737-3500,http://www.livingwatercolonicinstitute.com/,4.8,11,Infrared Sauna,ChIJLfC7rmLz24ARF77bEXEnmXc,"Infrared Sauna available in Escondido, California. Membership available.",https://plungesaunafinder.com/california/escondido/living-water-rejuvenation-center,https://plungesaunafinder.com/california/escondido/living-water-rejuvenation-center
Capitol Floats Auburn,660 Auburn Folsom Rd Suite 102,Auburn,California,95603,38.8782501,-121.0807113,(530) 537-2271,https://www.capitolfloats.com/auburn,5,273,"Float, Infrared Sauna, Massage",ChIJJ4YdCFAbm4ARxbCDjyuTZSc,"Float available in Auburn, California. Membership available.",https://plungesaunafinder.com/california/auburn/capitol-floats-auburn,https://plungesaunafinder.com/california/auburn/capitol-floats-auburn
REJUV Aesthetics & Wellness,463 Encinitas Blvd,Encinitas,California,92024,33.0463241,-117.2828518,(760) 230-6499,https://www.rejuvcryo.com/,4.9,388,"Infrared Sauna, Cryotherapy, Red Light Therapy, Massage, Lymphatic Drainage",ChIJ0yCSkQMN3IAROHxRk6lQhDM,"Infrared Sauna available in Encinitas, California. Day Pass available.",https://plungesaunafinder.com/california/encinitas/rejuv-aesthetics-wellness-463,https://plungesaunafinder.com/california/encinitas/rejuv-aesthetics-wellness-463
Club Paradise Fitness,1371 S Mission Rd,Fallbrook,California,92028,33.3682741,-117.2509548,(760) 731-0133,http://www.clubparadisefitness.com/,3.9,46,"Infrared Sauna, Steam Room, Traditional Sauna",ChIJAw3H2bB-3IART2vGnHccq68,"Traditional Sauna available in Fallbrook, California. Day Pass available.",https://plungesaunafinder.com/california/fallbrook/club-paradise-fitness,https://plungesaunafinder.com/california/fallbrook/club-paradise-fitness
EZ Tan,10820 Rosedale Hwy,Bakersfield,California,93312,35.3843524,-119.1223901,(661) 589-6826,https://www.ez-tan.com/,5,103,"Infrared Sauna, Red Light Therapy",ChIJVVsy6p1D6oARxUC6WoGAz2k,"Infrared Sauna available in Bakersfield, California. Day Pass available.",https://plungesaunafinder.com/california/bakersfield/ez-tan,https://plungesaunafinder.com/california/bakersfield/ez-tan
Chuze Fitness,5200 Stockdale Hwy,Bakersfield,California,93309,35.3556336,-119.0594424,(661) 302-4985,https://chuzefitness.com/gym-locations/ca/stockdale-plaza/,4.1,355,"Hot Tub, Infrared Sauna, Massage, Steam Room, Traditional Sauna",ChIJ_3SjOf5B6oART_PJPEKJNVs,"Traditional Sauna available in Bakersfield, California. Day Pass available.",https://plungesaunafinder.com/california/bakersfield/chuze-fitness-west-park-community,https://plungesaunafinder.com/california/bakersfield/chuze-fitness-west-park-community
CryoFloat360,1100 Calloway Dr Ste 200,Bakersfield,California,93312,35.367522,-119.1103036,(661) 829-7000,http://www.cryofloat360.com/,4.1,28,"Cryotherapy, Float, Hot Tub, Infrared Sauna, Massage, Red Light Therapy, Traditional Sauna",ChIJq6oarMBD6oAR2J__qWfaCTI,"Cryotherapy available in Bakersfield, California. Day Pass available.",https://plungesaunafinder.com/california/bakersfield/cryofloat360,https://plungesaunafinder.com/california/bakersfield/cryofloat360
24 Hour Fitness,1006 Riley St,Folsom,California,95630,38.669849,-121.170234,(916) 984-1924,https://www.24hourfitness.com/gyms/folsom-ca/folsom-super-sport?Adb_id=GGL_LOC_ACQ_CDP,4.1,427,"Hot Tub, Infrared Sauna, Massage, Steam Room, Traditional Sauna",ChIJ133xbB3kmoARCCs8AzBQIno,"Traditional Sauna available in Folsom, California. Day Pass available.",https://plungesaunafinder.com/california/folsom/24-hour-fitness-1006,https://plungesaunafinder.com/california/folsom/24-hour-fitness-1006
Happy Whole You Wellness Center,2001 G St,Bakersfield,California,93301,35.3774983,-119.0225782,(661) 337-0216,https://www.happywholeyou.com/,5,69,"Cryotherapy, Infrared Sauna, Massage, PEMF Therapy, Red Light Therapy, Traditional Sauna",ChIJub3gs-9p6oARPVI67ffS01A,"Traditional Sauna available in Bakersfield, California. Day Pass available.",https://plungesaunafinder.com/california/bakersfield/happy-whole-you-wellness-center,https://plungesaunafinder.com/california/bakersfield/happy-whole-you-wellness-center
Cloud 9 Float + Spa,220 Blue Ravine Rd #180,Folsom,California,95630,38.6563754,-121.1724595,(916) 255-7677,http://www.cloud9floatspa.net/,4.8,29,"Cold Plunge, Infrared Sauna, Float, Massage, Ice Bath, Traditional Sauna",ChIJ342Khs_nmoAR1Y5UnpxZvFU,Cold Plunge and Infrared Sauna in Folsom. Day Pass available. Day passes from $15.,https://plungesaunafinder.com/california/folsom/cloud-9-float-spa,https://plungesaunafinder.com/california/folsom/cloud-9-float-spa
Chuze Fitness,14574 Baseline Ave,Fontana,California,92336,34.1226318,-117.4865865,(951) 547-1219,https://chuzefitness.com/gym-locations/ca/fontana/,4.5,621,"Infrared Sauna, Hot Tub, Steam Room, Massage",ChIJl3iVoklLw4ARHd0Aeri6YB0,"Infrared Sauna available in Fontana, California. Day Pass available.",https://plungesaunafinder.com/california/fontana/chuze-fitness-14574,https://plungesaunafinder.com/california/fontana/chuze-fitness-14574
HOTWORX BELMONT,410 El Camino Real Suite A,Belmont,California,94002,37.5263913,-122.2835309,(650) 434-6800,http://hotworx.net/studio/belmont-el-camino-real,4.7,48,Infrared Sauna,ChIJtxqCTgCfj4ARxZORL5LASPs,"Infrared Sauna available in Belmont, California. Day Pass available.",https://plungesaunafinder.com/california/belmont/hotworx-belmont,https://plungesaunafinder.com/california/belmont/hotworx-belmont
Perspire Sauna Studio,2598 Shattuck Ave.,Berkeley,California,94704,37.8622662,-122.2675599,(510) 616-7378,https://www.perspiresaunastudio.com/ca/berkeley/,4.9,136,"Cold Plunge, Halotherapy, Infrared Sauna, Red Light Therapy",ChIJH1Qi-p9_hYARockwbtya0yE,"Red Light Therapy available in Berkeley, California. Day Pass available.",https://plungesaunafinder.com/california/berkeley/perspire-sauna-studio-south-shattuck,https://plungesaunafinder.com/california/berkeley/perspire-sauna-studio-south-shattuck
WORTHY Self-Care Studio,2633 Ashby Ave,Berkeley,California,94705,37.8570815,-122.2537069,(510) 496-1514,https://worthyselfcare.com/?utm_source=MapForce&utm_medium=maps&utm_campaign=Maps&utm_id=maps,4.9,114,"Infrared Sauna, Cold Plunge, Red Light Therapy, Lymphatic Drainage, Massage",ChIJeS11-vx9hYAR9sv8CTBe82g,"Infrared Sauna available in Berkeley, California. Day Pass available.",https://plungesaunafinder.com/california/berkeley/worthy-self-care-studio,https://plungesaunafinder.com/california/berkeley/worthy-self-care-studio
Restore Hyper Wellness,230 Palladio Pkwy #1217,Folsom,California,95630,38.6483193,-121.1192917,(916) 790-2779,https://www.restore.com/locations/ca-folsom-ca148?utm_source=gmb&utm_medium=Yext&y_source=1_MzY0MTg3NTEtNzE1LWxvY2F0aW9uLndlYnNpdGU%3D,4.9,597,"Cryotherapy, Red Light Therapy, Infrared Sauna, Cold Plunge, Traditional Sauna",ChIJXaBrwRzlmoARdu_Tz-k6T5k,"Cryotherapy available in Folsom, California. Membership available.",https://plungesaunafinder.com/california/folsom/restore-hyper-wellness-230,https://plungesaunafinder.com/california/folsom/restore-hyper-wellness-230
Benicia Community Health & Fitness Club,1150 W 7th St,Benicia,California,94510,38.0580671,-122.1666068,(707) 751-0273,http://www.beniciahealthandfitnessclub.com/,4.5,68,"Infrared Sauna, Massage, Traditional Sauna",ChIJ0dTVeSJuhYARPYop3W3tGgs,"Traditional Sauna available in Benicia, California. Day Pass available.",https://plungesaunafinder.com/california/benicia/benicia-community-health-fitness-club,https://plungesaunafinder.com/california/benicia/benicia-community-health-fitness-club
"Awesome Fitness, LLC",4800 New Horizon Blvd Ste A,Bakersfield,California,93313,35.3146459,-119.0554024,(661) 241-8272,http://www.awesomefitnessllc.com/,4.8,24,Infrared Sauna,ChIJTerZlTZA6oARBi6fEPYnrqk,"Infrared Sauna available in Bakersfield, California. Day Pass available.",https://plungesaunafinder.com/california/bakersfield/awesome-fitness-llc,https://plungesaunafinder.com/california/bakersfield/awesome-fitness-llc
Rise and Be Well,303 N Main St Suite C,Fort Bragg,California,95437,39.4444007,-123.8063527,(707) 962-7041,https://www.riseandbewell.com/,4.9,76,"Cold Plunge, Float, Hot Tub, Infrared Sauna, Massage, Red Light Therapy, Traditional Sauna",ChIJd0h_Pqg1gIARYK8jEBzX-HM,"Traditional Sauna available in Fort Bragg, California. Day Pass available.",https://plungesaunafinder.com/california/fort-bragg/rise-and-be-well,https://plungesaunafinder.com/california/fort-bragg/rise-and-be-well
24 Hour Fitness,17204 Slover Ave,Fontana,California,92337,34.0655546,-117.429815,(909) 357-8000,https://www.24hourfitness.com/gyms/fontana-ca/fontana-super-sport?Adb_id=GGL_LOC_ACQ_CDP,4.1,827,"Hot Tub, Infrared Sauna, Massage, Steam Room, Traditional Sauna",ChIJdxi0UMpMw4ARK7FiCjGFZMI,"Traditional Sauna available in Fontana, California. Day Pass available.",https://plungesaunafinder.com/california/fontana/24-hour-fitness-empire-center,https://plungesaunafinder.com/california/fontana/24-hour-fitness-empire-center
24 Hour Fitness,17200 Brookhurst St,Fountain Valley,California,92708,33.7133955,-117.9533706,(714) 274-4396,https://www.24hourfitness.com/gyms/fountain-valley-ca/fountain-valley-super-sport?Adb_id=GGL_LOC_ACQ_CDP,4.6,1812,"Hot Tub, Infrared Sauna, Massage, Steam Room, Traditional Sauna",ChIJccS0-RMn3YARoN0EpgaEZUk,"Traditional Sauna available in Fountain Valley, California. Day Pass available.",https://plungesaunafinder.com/california/fountain-valley/24-hour-fitness-17200,https://plungesaunafinder.com/california/fountain-valley/24-hour-fitness-17200
IMD Health & Wellness SPA Beverly Hills,407 N Bedford Dr,Beverly Hills,California,90210,34.0679101,-118.4053224,(310) 925-4804,http://imdbeautyspa.com/,4.6,11,"Lymphatic Drainage, Infrared Sauna, Massage",ChIJCw8cFge5woAR6T9J1pfbVz0,"Lymphatic Drainage available in Beverly Hills, California. Private Session available.",https://plungesaunafinder.com/california/beverly-hills/imd-health-wellness-spa-beverly-hills,https://plungesaunafinder.com/california/beverly-hills/imd-health-wellness-spa-beverly-hills
GloWell,8780 Warner Ave #9,Fountain Valley,California,92708,33.715228,-117.9754668,(714) 848-4022,https://glowwellfv.setmore.com/,4.3,43,Infrared Sauna,ChIJ5yz59_wm3YARp7A-9A49qVQ,"Infrared Sauna available in Fountain Valley, California. ",https://plungesaunafinder.com/california/fountain-valley/glowell,https://plungesaunafinder.com/california/fountain-valley/glowell
24 Hour Fitness,4500 Auto Mall Pkwy,Fremont,California,94538,37.5093031,-121.9582869,(510) 226-6900,https://www.24hourfitness.com/gyms/fremont-ca/fremont-auto-mall-super-sport?Adb_id=GGL_LOC_ACQ_CDP,4,810,Infrared Sauna,ChIJKfX-IBjHj4ARA3asb7w5CvA,"Traditional Sauna available in Fremont, California. Day Pass available.",https://plungesaunafinder.com/california/fremont/24-hour-fitness-east-industrial,https://plungesaunafinder.com/california/fremont/24-hour-fitness-east-industrial
A Brand New Leaf Wellness Center,659 W Shaw Ave Ste F,Fresno,California,93704,36.8081595,-119.8056809,(559) 232-5419,https://www.abrandnewleafwellness.com/,4.7,9,"Infrared Sauna, Lymphatic Drainage",ChIJz0Evs55nlIARgTxkaxqzk0c,"Infrared Sauna available in Fresno, California. Private Session available.",https://plungesaunafinder.com/california/fresno/a-brand-new-leaf-wellness-center,https://plungesaunafinder.com/california/fresno/a-brand-new-leaf-wellness-center
MAYHEM Personal Training & Classes,1020 E Perrin Ave Ste 110,Fresno,California,93720,36.87332,-119.7646767,(559) 283-3227,http://www.bodyfresno.com/,5,171,"Cold Plunge, Infrared Sauna, Massage, Traditional Sauna",ChIJq6qaucpclIARbPwBMLTORic,"Traditional Sauna available in Fresno, California. Day Pass available.",https://plungesaunafinder.com/california/fresno/mayhem-personal-training-classes,https://plungesaunafinder.com/california/fresno/mayhem-personal-training-classes
24 Hour Fitness,5961 Lone Tree Wy,Brentwood,California,94513,37.958783,-121.7430545,(925) 326-2266,https://www.24hourfitness.com/gyms/brentwood-ca/brentwood-super-sport?Adb_id=GGL_LOC_ACQ_CDP,3.8,210,"Hot Tub, Infrared Sauna, Massage, Steam Room, Traditional Sauna",ChIJrR8Qbln5j4ARHWVZDU4CXVY,"Traditional Sauna available in Brentwood, California. Day Pass available.",https://plungesaunafinder.com/california/brentwood/24-hour-fitness-5961,https://plungesaunafinder.com/california/brentwood/24-hour-fitness-5961
24 Hour Fitness,965 E Birch St,Brea,California,92821,33.919484,-117.886345,(714) 256-2500,https://www.24hourfitness.com/gyms/brea-ca/brea-sport?Adb_id=GGL_LOC_ACQ_CDP,4.2,302,"Hot Tub, Infrared Sauna, Massage, Steam Room, Traditional Sauna",ChIJrUTr_QTV3IARwsxntfDs0mE,"Traditional Sauna available in Brea, California. Day Pass available.",https://plungesaunafinder.com/california/brea/24-hour-fitness-965,https://plungesaunafinder.com/california/brea/24-hour-fitness-965
Natural Healing Health Center,5610 Stockdale Hwy,Bakersfield,California,93309,35.3552839,-119.0640161,(661) 342-5033,http://www.naturalhealingdetox.com/,4.4,10,"Infrared Sauna, Lymphatic Drainage, Massage",ChIJIQM_jilq6oARsyUT7R5gz5E,"Infrared Sauna available in Bakersfield, California. Private Session available.",https://plungesaunafinder.com/california/bakersfield/natural-healing-health-center,
Trinity Gym,5137 N Blackstone Ave,Fresno,California,93704,36.8110716,-119.7916186,(559) 209-1600,http://www.trinitygymfresno.com/,4.3,40,"Cold Plunge, Infrared Sauna, Red Light Therapy, Traditional Sauna",ChIJ57ARQQBnlIAR0IqUN1WOz04,"Traditional Sauna available in Fresno, California. Membership available.",https://plungesaunafinder.com/california/fresno/trinity-gym,https://plungesaunafinder.com/california/fresno/trinity-gym
K Spa,4520 Beach Blvd,Buena Park,California,90621,33.8953995,-117.9863325,(714) 670-1000,http://www.kspaoc.com/,4.2,417,Infrared Sauna,ChIJifhoIgAr3YARdK2C8SQA6Is,"Traditional Sauna available in Buena Park, California. Day Pass available.",https://plungesaunafinder.com/california/buena-park/k-spa,https://plungesaunafinder.com/california/buena-park/k-spa
24 Hour Fitness,1903 Empire Ave,Burbank,California,91504,34.192373,-118.331675,(818) 531-0257,https://www.24hourfitness.com/gyms/burbank-ca/burbank-empire-super-sport?Adb_id=GGL_LOC_ACQ_CDP,3.9,977,"Hot Tub, Infrared Sauna, Massage, Steam Room, Traditional Sauna",ChIJf2AQTRKVwoARXfnZ3sP4R9M,"Traditional Sauna available in Burbank, California. Day Pass available.",https://plungesaunafinder.com/california/burbank/24-hour-fitness-1903,https://plungesaunafinder.com/california/burbank/24-hour-fitness-1903
Enlighten Sauna/ Maker of True Outdoor Infrared Saunas,1395 Marsten Rd,Burlingame,California,94010,37.5915813,-122.3666655,(888) 877-2862,https://www.enlightensauna.com/,3,68,"Infrared Sauna, Traditional Sauna",ChIJfZ2cmeZ3j4AR_uGJQamhbFw,"Infrared Sauna available in Burlingame, California. Private Session available.",https://plungesaunafinder.com/california/burlingame/enlighten-sauna-maker-of-true-outdoor-infrared-saunas,https://plungesaunafinder.com/california/burlingame/enlighten-sauna-maker-of-true-outdoor-infrared-saunas
24 Hour Fitness,1357 E Gladstone St,Glendora,California,91741,34.116693,-117.834898,(626) 804-2403,https://www.24hourfitness.com/gyms/glendora-ca/glendora-sport?Adb_id=GGL_LOC_ACQ_CDP,3.9,497,"Hot Tub, Infrared Sauna, Massage, Steam Room, Traditional Sauna",ChIJJ1nGZ7Iow4ARcFQnuZMNqtQ,"Traditional Sauna available in Glendora, California. Day Pass available.",https://plungesaunafinder.com/california/glendora/24-hour-fitness-1357,https://plungesaunafinder.com/california/glendora/24-hour-fitness-1357
24 Hour Fitness,130 E Imperial Hwy,Fullerton,California,92835,33.9165111,-117.9310967,(714) 869-0643,https://www.24hourfitness.com/gyms/fullerton-ca/fullerton-super-sport?Adb_id=GGL_LOC_ACQ_CDP,4.2,440,"Hot Tub, Infrared Sauna, Steam Room, Traditional Sauna",ChIJWYJaJJkq3YARaR41zZ_Mtac,"Traditional Sauna available in Fullerton, California. Day Pass available.",https://plungesaunafinder.com/california/fullerton/24-hour-fitness-130,https://plungesaunafinder.com/california/fullerton/24-hour-fitness-130
Gardena Women Sauna,15435 S Western Ave #107,Gardena,California,90249,33.891057,-118.309747,(310) 538-2229,https://gardenawomenspa.net/,4.4,110,"Hot Tub, Infrared Sauna, Jacuzzi, Massage, Salt Room, Steam Room, Traditional Sauna",ChIJRbMnPoO1woARQAuvnbIV12Y,"Traditional Sauna available in Gardena, California. Day Pass available.",https://plungesaunafinder.com/california/gardena/gardena-women-sauna,https://plungesaunafinder.com/california/gardena/gardena-women-sauna
24 Hour Fitness,8430 On the Mall,Buena Park,California,90620,33.84437,-117.9877567,(714) 236-1800,https://www.24hourfitness.com/gyms/buena-park-ca/buena-park-sport?Adb_id=GGL_LOC_ACQ_CDP,3.1,332,"Hot Tub, Infrared Sauna, Massage, Steam Room, Traditional Sauna",ChIJTR9u7tgr3YARyWwNAPc30RQ,"Traditional Sauna available in Buena Park, California. Day Pass available.",https://plungesaunafinder.com/california/buena-park/24-hour-fitness-8430,https://plungesaunafinder.com/california/buena-park/24-hour-fitness-8430
"HOTWORX - Fullerton, CA - Brea, Blvd.",1024 E Bastanchury Rd,Fullerton,California,92835,33.8983638,-117.9120617,(714) 671-8984,https://www.hotworx.net/studio/fullerton-breablvd,4.5,24,Infrared Sauna,ChIJYRgZ9ATV3IARMNtXTTBRras,"Infrared Sauna available in Fullerton, California. Membership available.",https://plungesaunafinder.com/california/fullerton/hotworx-fullerton-ca-brea-blvd,https://plungesaunafinder.com/california/fullerton/hotworx-fullerton-ca-brea-blvd
Chuze Fitness,246 E Orangethorpe Ave,Fullerton,California,92832,33.8590927,-117.9203872,(657) 217-8855,https://chuzefitness.com/gym-locations/ca/fullerton/,4.5,877,"Infrared Sauna, Steam Room, Massage",ChIJp3diwADW3IARYHLlLunwcvI,"Infrared Sauna available in Fullerton, California. Day Pass available.",https://plungesaunafinder.com/california/fullerton/chuze-fitness-246,https://plungesaunafinder.com/california/fullerton/chuze-fitness-246
The Lotus Zone,719 N Harbor Blvd,Fullerton,California,92832,33.8770774,-117.9245201,(714) 213-8048,https://thelotuszone.com/,5,3,"Cold Plunge, Infrared Sauna, Massage, PEMF Therapy, Traditional Sauna",ChIJlfEAhPXV3IARKNjLHhUO0LE,"Traditional Sauna available in Fullerton, California. Membership available.",https://plungesaunafinder.com/california/fullerton/the-lotus-zone,https://plungesaunafinder.com/california/fullerton/the-lotus-zone
"HOTWORX - Hanford, CA - Centennial Plaza",1826 W Lacey Blvd,Hanford,California,93230,36.3301057,-119.6755431,(559) 207-5678,https://www.hotworx.net/studio/hanford-centennial-plaza,4.8,4,Infrared Sauna,ChIJ7QauWmXDlIARwck72eMwn0I,"Infrared Sauna available in Hanford, California. Day Pass available.",https://plungesaunafinder.com/california/hanford/hotworx-hanford-ca-centennial-plaza,https://plungesaunafinder.com/california/hanford/hotworx-hanford-ca-centennial-plaza
Touch To Heal Spa,2105 S Winchester Blvd #110,Campbell,California,95008,37.2856086,-121.9500218,(408) 379-1577,https://touchtohealspa.com/,4.4,109,"Infrared Sauna, Massage",ChIJvSSQMxbLj4ARS8is51tbWRE,"Infrared Sauna available in Campbell, California. Private Session available.",https://plungesaunafinder.com/california/campbell/touch-to-heal-spa,https://plungesaunafinder.com/california/campbell/touch-to-heal-spa
24 Hour Fitness,2831 W 120th St,Hawthorne,California,90250,33.9245941,-118.3233012,(323) 756-2466,https://www.24hourfitness.com/gyms/hawthorne-ca/hawthorne-sport?Adb_id=GGL_LOC_ACQ_CDP,3.5,958,"Hot Tub, Infrared Sauna, Massage, Steam Room, Traditional Sauna",ChIJDzBW5N-1woARfzXuTtE-utM,"Traditional Sauna available in Hawthorne, California. Day Pass available.",https://plungesaunafinder.com/california/hawthorne/24-hour-fitness-2831,https://plungesaunafinder.com/california/hawthorne/24-hour-fitness-2831
Hacienda Joy Sauna,2020 S Hacienda Blvd H,Hacienda Heights,California,91745,33.9960435,-117.9661783,(626) 855-1877,http://www.haciendajoysauna.com/,4,109,Traditional Sauna,ChIJXc7O2svVwoAR-FWa-xr_7IY,"Rejuvenate with premium sauna and cold plunge therapy at Hacienda Joy Sauna in Hacienda Heights, California. Boost wellness and vitality. Book your session now!",https://plungesaunafinder.com/california/hacienda-heights/hacienda-joy-sauna,https://plungesaunafinder.com/california/hacienda-heights/hacienda-joy-sauna
DESIGNERS DAY SPA & SALON,2523 Winchester Blvd,Campbell,California,95008,37.2779598,-121.950312,(408) 378-7300,https://www.designerssalon.net/,4.5,27,"Infrared Sauna, Massage, Red Light Therapy",ChIJm5iGgB41joARA8vq5IkxqMs,"Massage available in Campbell, California. Day Pass available.",https://plungesaunafinder.com/california/campbell/designers-day-spa-salon,https://plungesaunafinder.com/california/campbell/designers-day-spa-salon
Sage Float Spa,1395 41st Ave,Capitola,California,95010,36.9706791,-121.9652187,(831) 854-2700,http://www.sagefloatspa.com/,4.7,133,"Float, Infrared Sauna, Massage, Cold Plunge",ChIJEdaRQmsVjoARIoznfHUG4Gk,"Float available in Capitola, California. Day Pass available.",https://plungesaunafinder.com/california/capitola/sage-float-spa,https://plungesaunafinder.com/california/capitola/sage-float-spa
24 Hour Fitness,24727 Amador St,Hayward,California,94544,37.6537469,-122.0913569,(510) 264-3275,https://www.24hourfitness.com/gyms/hayward-ca/hayward-amador-active?Adb_id=GGL_LOC_ACQ_CDP,4.2,618,Infrared Sauna,ChIJN60bZFqRj4ARALPrUWy-n7g,"Traditional Sauna available in Hayward, California. Membership available.",https://plungesaunafinder.com/california/hayward/24-hour-fitness-santa-clara,https://plungesaunafinder.com/california/hayward/24-hour-fitness-santa-clara
LA Fitness,4949 West 147th Street,Hawthorne,California,90250,33.8983219,-118.3643991,,https://www.lafitness.com/Pages/clubhome.aspx?clubid=920&utm_source=google&utm_medium=googlemaps&utm_campaign=maps,,,Traditional Sauna,,,https://plungesaunafinder.com/california/hawthorne/la-fitness-iimwok,https://plungesaunafinder.com/california/hawthorne/la-fitness-iimwok
24 Hour Fitness,1265 Laurel Tree Ln Suite 100,Carlsbad,California,92011,33.122986,-117.2985824,(760) 602-5001,https://www.24hourfitness.com/gyms/carlsbad-ca/carlsbad-palomar-airport-sport?Adb_id=GGL_LOC_ACQ_CDP,4,395,"Hot Tub, Infrared Sauna, Massage, Steam Room, Traditional Sauna",ChIJtT7EXxZz3IARFq8SMEEGH5o,"Traditional Sauna available in Carlsbad, California. Day Pass available.",https://plungesaunafinder.com/california/carlsbad/24-hour-fitness-1265,https://plungesaunafinder.com/california/carlsbad/24-hour-fitness-1265
24 Hour Fitness,2501 El Camino Real,Carlsbad,California,92008,33.1788378,-117.3288756,(760) 439-4404,https://www.24hourfitness.com/gyms/carlsbad-ca/carlsbad-super-sport?Adb_id=GGL_LOC_ACQ_CDP,3.9,365,"Hot Tub, Infrared Sauna, Massage, Steam Room, Traditional Sauna",ChIJb-AdgjmC4xQRTI1IKO_DKLk,"Traditional Sauna available in Carlsbad, California. Day Pass available.",https://plungesaunafinder.com/california/carlsbad/24-hour-fitness-o-dklk,https://plungesaunafinder.com/california/carlsbad/24-hour-fitness-o-dklk
24 Hour Fitness,2480 Whipple Rd,Hayward,California,94544,37.6055123,-122.0644022,(510) 404-0803,https://www.24hourfitness.com/gyms/hayward-ca/hayward-whipple-super-sport?Adb_id=GGL_LOC_ACQ_CDP,4,780,Infrared Sauna,ChIJO9rjCcmVj4ARxjY9EWhYNAU,"Traditional Sauna available in Hayward, California. Day Pass available.",https://plungesaunafinder.com/california/hayward/24-hour-fitness-2480,https://plungesaunafinder.com/california/hayward/24-hour-fitness-2480
24 Hour Fitness,1601 Pacific Coast Hwy Suite 100,Hermosa Beach,California,90254,33.8670086,-118.394314,(310) 374-4524,https://www.24hourfitness.com/gyms/hermosa-beach-ca/hermosa-beach-super-sport?Adb_id=GGL_LOC_ACQ_CDP,3.4,398,"Hot Tub, Infrared Sauna, Massage, Steam Room, Traditional Sauna",ChIJL2hAHYCzwoAR2svaTNAXvQc,"Traditional Sauna available in Hermosa Beach, California. Day Pass available.",https://plungesaunafinder.com/california/hermosa-beach/24-hour-fitness-naxvqc,
CryoWellness.fit,1200 Pacific Coast Hwy Suite 202,Hermosa Beach,California,90254,33.8642688,-118.3926069,(310) 372-1101,https://www.cryowellness.fit/,5,20,"Cryotherapy, Red Light Therapy, Infrared Sauna",ChIJRyEZSJ-1woARzzV2emGnis8,"Cryotherapy available in Hermosa Beach, California. Membership available.",https://plungesaunafinder.com/california/hermosa-beach/cryowellness-fit,https://plungesaunafinder.com/california/hermosa-beach/cryowellness-fit
Breathe Degrees,6965 El Camino Real Unit 107,Carlsbad,California,92009,33.1042458,-117.2680905,(760) 814-2334,http://breathedegrees.com/,4.9,344,"Cold Plunge, Infrared Sauna, Hot Tub",ChIJJakEX3wL3IARHeEVEYnMDWY,"Cold Plunge available in Carlsbad, California. Day Pass available.",https://plungesaunafinder.com/california/carlsbad/breathe-degrees,https://plungesaunafinder.com/california/carlsbad/breathe-degrees
Calor Sauna Studios,527 Carlsbad Village Dr,Carlsbad,California,92008,33.1596295,-117.3482908,(442) 500-2055,http://calorsaunastudios.com/,5,27,"Infrared Sauna, Cold Plunge",ChIJEy1K7sNz3IARktPCEU73CgY,"Infrared Sauna available in Carlsbad, California. Day Pass available.",https://plungesaunafinder.com/california/carlsbad/calor-sauna-studios,https://plungesaunafinder.com/california/carlsbad/calor-sauna-studios
The Tanning Spot,1200 Pacific Coast Hwy Suites #201,Hermosa Beach,California,90254,33.8642688,-118.3926069,(310) 372-1161,https://www.thetanningspot.com/,4.7,165,"Infrared Sauna, Cryotherapy, Red Light Therapy",ChIJW-Ej04G0woAR3K9Tj5NBuDo,"Infrared Sauna available in Hermosa Beach, California. ",https://plungesaunafinder.com/california/hermosa-beach/the-tanning-spot,https://plungesaunafinder.com/california/hermosa-beach/the-tanning-spot
Healios Laser Therapy - Carlsbad,7130 Avenida Encinas E200,Carlsbad,California,92011,33.1015105,-117.310957,(800) 785-8505,http://www.healioslasertherapy.com/,5,43,"Infrared Sauna, Cold Plunge, PEMF Therapy",ChIJb8IzPc5z3IARrW9H_notqGs,"Infrared Sauna available in Carlsbad, California. Membership available.",https://plungesaunafinder.com/california/carlsbad/healios-laser-therapy-carlsbad,https://plungesaunafinder.com/california/carlsbad/healios-laser-therapy-carlsbad
"HOTWORX Vestavia Hills, AL",790 Montgomery Hwy #124,Vestavia Hills,Alabama,35216,33.443904,-86.79247,(205) 502-7511,https://www.hotworx.net/studio/vestaviahills/,4.7,27,Infrared Sauna,ChIJe0Eq-yoZiYgRnlP6c6jdVtc,"Infrared Sauna available in Vestavia Hills, Alabama. Membership available.",https://plungesaunafinder.com/alabama/vestavia-hills/hotworx-vestavia-hills-al,https://plungesaunafinder.com/alabama/vestavia-hills/hotworx-vestavia-hills-al
Bermuda Club,5840 El Camino Real #106,Carlsbad,California,92008,33.1344747,-117.2703083,(760) 350-4344,https://www.bermudaclubs.com/,5,56,"Cold Plunge, Infrared Sauna, Traditional Sauna",ChIJw1PPWFRz3IARvIGwSJjRgY4,"Traditional Sauna available in Carlsbad, California. Membership available.",https://plungesaunafinder.com/california/carlsbad/bermuda-club,https://plungesaunafinder.com/california/carlsbad/bermuda-club
"Karma Spa, Massage in Carlsbad, Day Spa Carlsbad",2614 El Camino Real,Carlsbad,California,92008,33.1770814,-117.3249694,(760) 729-9888,http://www.karmamassagespa.com/,4.3,192,"Infrared Sauna, Massage, Traditional Sauna",ChIJQVC28odx3IARv9AIiw3ZmR0,"Massage available in Carlsbad, California. Day Pass available.",https://plungesaunafinder.com/california/carlsbad/karma-spa-massage-in-carlsbad-day-spa-carlsbad,https://plungesaunafinder.com/california/carlsbad/karma-spa-massage-in-carlsbad-day-spa-carlsbad
Healing Waters Wellness,16111 Bolsa Chica St Suite B,Huntington Beach,California,92649,33.7280333,-118.0419479,(714) 880-9313,https://www.healingwaterswellness.org/,4.9,58,"Lymphatic Drainage, Infrared Sauna, Red Light Therapy",ChIJfepmPeEv3YARc9Xttk_8Yqw,"Lymphatic Drainage available in Huntington Beach, California. Private Session available.",https://plungesaunafinder.com/california/huntington-beach/healing-waters-wellness,https://plungesaunafinder.com/california/huntington-beach/healing-waters-wellness
Red Sauna Studio,21046 Pacific Coast Hwy suite H200,Huntington Beach,California,92648,33.654871,-117.9970428,(714) 274-9916,https://redsaunastudio.com/,5,3,"Infrared Sauna, Traditional Sauna, Cold Plunge, Red Light Therapy",ChIJnXcYn-Qh3YARcYJfl4lN83w,"Infrared Sauna available in Huntington Beach, California. Day Pass available.",https://plungesaunafinder.com/california/huntington-beach/red-sauna-studio,https://plungesaunafinder.com/california/huntington-beach/red-sauna-studio
REJUV Aesthetics & Wellness,6990 El Camino Real Suite M,Carlsbad,California,92009,33.1041657,-117.2659123,(760) 448-5979,https://www.rejuvcryo.com/,4.9,202,"Infrared Sauna, Cryotherapy, Red Light Therapy, Massage, Lymphatic Drainage",ChIJebuffFIL3IARdGZ5kCCtdSE,"Infrared Sauna available in Carlsbad, California. Day Pass available.",https://plungesaunafinder.com/california/carlsbad/rejuv-aesthetics-wellness,https://plungesaunafinder.com/california/carlsbad/rejuv-aesthetics-wellness
Grotto Massage and Head Spa,2804 Roosevelt St Suite A,Carlsbad,California,92008,33.1623121,-117.3484347,(760) 688-2311,http://www.grottomassage.com/,4.6,190,"Infrared Sauna, Massage, Traditional Sauna",ChIJo1wuslxz3IARs0EPU6x0KQc,"Traditional Sauna available in Carlsbad, California. Day Pass available.",https://plungesaunafinder.com/california/carlsbad/grotto-massage-and-head-spa,https://plungesaunafinder.com/california/carlsbad/grotto-massage-and-head-spa
Life Time,"4724 N Goldwater Blvd, Scottsdale, AZ 85251",Scottsdale,Arizona,85251,33.5045553,-111.9317516,,https://www.lifetime.life/locations/az/scottsdale-fashion-square.html?utm_source=google&utm_medium=local&utm_campaign=google-local-club,,,"Traditional Sauna, Cold Plunge",,,https://plungesaunafinder.com/arizona/scottsdale/life-time-4724,https://plungesaunafinder.com/arizona/scottsdale/life-time-4724
Surf City Cryo,8839 Adams Ave,Huntington Beach,California,92646,33.672826,-117.973629,(714) 944-7734,http://www.surfcitycryo.com/,4.5,15,"Cryotherapy, Infrared Sauna, PEMF Therapy, Halotherapy, Red Light Therapy, Massage",ChIJ3ZOCcSgh3YARzjHAAKeGrDs,"Cryotherapy available in Huntington Beach, California. Day Pass available.",https://plungesaunafinder.com/california/huntington-beach/surf-city-cryo,https://plungesaunafinder.com/california/huntington-beach/surf-city-cryo
Seek Health,1110 Eugenia Pl Ste 200,Carpinteria,California,93013,34.3992476,-119.5161237,(805) 317-6626,http://www.seekhealthca.com/,5,35,"Infrared Sauna, Massage",ChIJEb8NN4sP6YARM5SXfK608GQ,"Infrared Sauna available in Carpinteria, California. ",https://plungesaunafinder.com/california/carpinteria/seek-health,https://plungesaunafinder.com/california/carpinteria/seek-health
"HOTWORX - Auburn, AL",234 N Gay St,Auburn,Alabama,36830,32.610121,-85.4797204,(334) 734-2762,https://www.hotworx.net/studio/auburn,4.1,30,Infrared Sauna,ChIJbw-OzYnzjIgRXHp-MlfxJZw,"Infrared Sauna available in Auburn, Alabama. Membership available.",https://plungesaunafinder.com/alabama/auburn/hotworx-auburn-al,https://plungesaunafinder.com/alabama/auburn/hotworx-auburn-al
Conquer Functional Wellness,323 Airport Rd Suite D,Auburn,Alabama,36830,32.6101006,-85.4444076,(334) 758-6200,http://conquerfunctionalwellness.com/,5,59,"Cryotherapy, Infrared Sauna, Red Light Therapy",ChIJ_cQ6x_HzjIgR6Zt8g3ZY8ys,"Cryotherapy available in Auburn, Alabama. Private Session available.",https://plungesaunafinder.com/alabama/auburn/conquer-functional-wellness,https://plungesaunafinder.com/alabama/auburn/conquer-functional-wellness
LiveColder Private Wellness,14201 Hayden Rd Ste A2,Scottsdale,Arizona,85260,33.6153832,-111.9079783,(480) 568-5115,http://www.livecolder.com/,4.8,145,"Cold Plunge, Cryotherapy, Infrared Sauna, Massage",ChIJQ3K8Ak10K4cR6AHw4IXOnYg,"Cold Plunge available in Scottsdale, Arizona. Private Session available.",https://plungesaunafinder.com/arizona/scottsdale/livecolder-private-wellness,https://plungesaunafinder.com/arizona/scottsdale/livecolder-private-wellness
Ravens Nest Spa,8115 Jewel Lake Rd,Anchorage,Alaska,99502,61.1473077,-149.9511159,(907) 570-7700,http://ravensnestspa.com/,4.8,153,"Infrared Sauna, Halotherapy, Massage",ChIJF3GyThOYyFYR3X836AWqtis,"Infrared Sauna available in Anchorage, Alaska. Private Session available.",https://plungesaunafinder.com/alaska/anchorage/ravens-nest-spa,https://plungesaunafinder.com/alaska/anchorage/ravens-nest-spa
Base Camp Anchorage Hostel,1037 W 26th Ave,Anchorage,Alaska,99503,61.197334,-149.9025305,(907) 274-1252,https://basecampanchorage.com/,4.7,295,"Float, Infrared Sauna, Traditional Sauna",ChIJDVi-RtqXyFYRkB-Aw64pBW8,"Traditional Sauna available in Anchorage, Alaska. Day Pass available.",https://plungesaunafinder.com/alaska/anchorage/base-camp-anchorage-hostel,https://plungesaunafinder.com/alaska/anchorage/base-camp-anchorage-hostel
Sync Fitness & Movement,605 Dave Ward Dr #102,Conway,Arkansas,72034,35.0662879,-92.4305572,(501) 358-6595,https://warrentmartin.clickfunnels.com/sign-up,4.9,89,"Cold Plunge, Infrared Sauna, Red Light Therapy, Traditional Sauna",ChIJd-KMZlqC0ocRLEvAT8EWWs4,"Traditional Sauna available in Conway, Arkansas. Membership available.",https://plungesaunafinder.com/arkansas/conway/sync-fitness-movement,https://plungesaunafinder.com/arkansas/conway/sync-fitness-movement
Alaska Fitness,2700 A St,Anchorage,Alaska,99503,61.1958331,-149.8841077,(907) 646-8686,https://alaskafitness.net/?utm_source=omg-gbp&utm_medium=webclick,4.1,169,"Infrared Sauna, Massage, Steam Room, Traditional Sauna",ChIJHxqTXM-XyFYR2GkDbht5tYQ,"Traditional Sauna available in Anchorage, Alaska. Day Pass available.",https://plungesaunafinder.com/alaska/anchorage/alaska-fitness,https://plungesaunafinder.com/alaska/anchorage/alaska-fitness
Vitality Fitness OC,6082 Edinger Ave,Huntington Beach,California,92647,33.7295983,-118.0227714,(714) 406-2953,https://www.vitalityfitnessoc.com/,5,12,"Cold Plunge, Infrared Sauna, Massage",ChIJP0vzjHUl3YAR9GgeDuAoCc4,"Cold Plunge available in Huntington Beach, California. Membership available.",https://plungesaunafinder.com/california/huntington-beach/vitality-fitness-oc,https://plungesaunafinder.com/california/huntington-beach/vitality-fitness-oc
Palm Beach Tan,1499 S College St Ste C,Auburn,Alabama,36830,32.5794245,-85.4957885,(334) 826-7710,https://palmbeachtan.com/locations/AL/Auburn-South-College-Street/?utm_source=google_my_business&utm_medium=organic&utm_campaign=seo&utm_content=ALA202,4.3,52,"Infrared Sauna, Red Light Therapy, Halotherapy",ChIJG7kx77zzjIgRMQG2GNStYjA,"Infrared Sauna available in Auburn, Alabama. Day Pass available.",https://plungesaunafinder.com/alabama/auburn/palm-beach-tan-1499,https://plungesaunafinder.com/alabama/auburn/palm-beach-tan-1499
UCATAN,5926 Warner Ave,Huntington Beach,California,92649,33.7143548,-118.0253294,(714) 377-7860,http://www.ucatan.com/,4.7,27,"Infrared Sauna, Red Light Therapy",ChIJh0Q06dMl3YARWWT1vCSvn0c,"Infrared Sauna available in Huntington Beach, California. Membership available.",https://plungesaunafinder.com/california/huntington-beach/ucatan,https://plungesaunafinder.com/california/huntington-beach/ucatan
Lost Sauna Co,310 Carnelian Woods Ave,Carnelian Bay,California,96140,39.2289333,-120.0813726,(218) 310-4552,http://www.lostsaunaco.com/,5,41,"Infrared Sauna, Traditional Sauna",ChIJ4SoySD1jmYAReGfV3iq3dnw,"Traditional Sauna available in Carnelian Bay, California. Private Session available.",https://plungesaunafinder.com/california/carnelian-bay/lost-sauna-co,https://plungesaunafinder.com/california/carnelian-bay/lost-sauna-co
UCATAN Spa,19101 Beach Blvd,Huntington Beach,California,92648,33.6852562,-117.9900554,(714) 375-5999,https://www.ucatan.com/,4.5,56,"Infrared Sauna, Red Light Therapy",ChIJXQzm0c4m3YARuR7mfBrtZ3I,"Infrared Sauna available in Huntington Beach, California. Membership available.",https://plungesaunafinder.com/california/huntington-beach/ucatan-spa,
"HOTWORX - Fort Smith, AR",4300 Rogers Ave Suite 2,Fort Smith,Arkansas,72903,35.3682869,-94.3842936,(479) 242-8575,https://www.hotworx.net/studio/fort-smith/,5,203,Infrared Sauna,ChIJ6e3Wqd2zy4cRT1c9wH6IqYg,"Infrared Sauna available in Fort Smith, Arkansas. Day Pass available.",https://plungesaunafinder.com/arkansas/fort-smith/hotworx-fort-smith-ar,https://plungesaunafinder.com/arkansas/fort-smith/hotworx-fort-smith-ar
Never Quit,10135 E Vía Linda Suite C118,Scottsdale,Arizona,85258,33.5734809,-111.8621684,(623) 696-0649,https://www.clubneverquit.com/,5,6,"Cold Plunge, Infrared Sauna, Jacuzzi, Red Light Therapy, Traditional Sauna",ChIJtbgTfIx1K4cRMCYtY2bUIwU,"Traditional Sauna available in Scottsdale, Arizona. ",https://plungesaunafinder.com/arizona/scottsdale/never-quit,https://plungesaunafinder.com/arizona/scottsdale/never-quit
Palm Beach Tan,814-A Annalue Dr,Auburn,Alabama,36830,32.6119264,-85.4640082,(334) 826-7778,https://palmbeachtan.com/locations/AL/Auburn-Annalue-Drive/?utm_source=google_my_business&utm_medium=organic&utm_campaign=seo&utm_content=ALA201,4.3,88,"Infrared Sauna, Red Light Therapy, Halotherapy",ChIJ-ecWKOryjIgRMijhbgHk654,"Infrared Sauna available in Auburn, Alabama. Day Pass available.",https://plungesaunafinder.com/alabama/auburn/palm-beach-tan-814-a,https://plungesaunafinder.com/alabama/auburn/palm-beach-tan-814-a
Snow Blossom Acupuncture LLC - Wellness & Float Center,615 E 82nd Ave #200,Anchorage,Alaska,99518,61.146674,-149.871123,(907) 245-7669,http://snowblossomak.com/,4.7,70,"Infrared Sauna, Float, Massage",ChIJTfZ8_9OZyFYRdb2b93ZAlFA,"Infrared Sauna available in Anchorage, Alaska. ",https://plungesaunafinder.com/alaska/anchorage/snow-blossom-acupuncture-llc-wellness-float-center,https://plungesaunafinder.com/alaska/anchorage/snow-blossom-acupuncture-llc-wellness-float-center
Sauna Shield,2155 E Carson St,Carson,California,90810,33.831195,-118.234119,(702) 354-6925,https://saunashield.co/pages/contact,,,"Infrared Sauna, Traditional Sauna, Cold Plunge",,"Infrared Sauna available in Carson, California. ",https://plungesaunafinder.com/california/carson/sauna-shield,https://plungesaunafinder.com/california/carson/sauna-shield
Violet Room Spa,5111 Rogers Ave Ste. 40N,Fort Smith,Arkansas,72903,35.3663013,-94.3758805,(479) 461-7099,https://www.violetroomspa.com/,4.7,19,Infrared Sauna,ChIJs5KzSkxNyocRP_KKgQvdf1k,"Infrared Sauna available in Fort Smith, Arkansas. ",https://plungesaunafinder.com/arkansas/fort-smith/violet-room-spa,https://plungesaunafinder.com/arkansas/fort-smith/violet-room-spa
Alchemy Spa and Wellness,2821 2nd Ave S,Birmingham,Alabama,35233,33.5160068,-86.791197,(205) 588-5992,https://www.alchemyspabham.com/,5,4,"Infrared Sauna, Massage, Traditional Sauna",ChIJU7HAZXQbiYgR4uZeYf-utOA,"Traditional Sauna available in Birmingham, Alabama. Day Pass available.",https://plungesaunafinder.com/alabama/birmingham/alchemy-spa-and-wellness,https://plungesaunafinder.com/alabama/birmingham/alchemy-spa-and-wellness
Restore Hyper Wellness,12855 Towne Center Dr,Cerritos,California,90703,33.8693018,-118.0583746,(562) 219-7115,http://www.restore.com/locations/ca-cerritos-ca078?utm_source=gmb&utm_medium=Yext&y_source=1_NTEyMzg4NDAtNzE1LWxvY2F0aW9uLndlYnNpdGU%3D,4.9,338,"Cryotherapy, Red Light Therapy, Infrared Sauna",ChIJc610ZjUt3YARj1nZy9yiIss,"Cryotherapy available in Cerritos, California. Membership available.",https://plungesaunafinder.com/california/cerritos/restore-hyper-wellness-12855,https://plungesaunafinder.com/california/cerritos/restore-hyper-wellness-12855
Life Time,"24700 N 67th Ave, Peoria, AZ 85383",Peoria,Arizona,85383,33.7085318,-112.2043113,,https://www.lifetime.life/locations/az/happy-valley-peoria.html?utm_source=google&utm_medium=local&utm_campaign=google-local-club,,,Traditional Sauna,,,https://plungesaunafinder.com/arizona/peoria/life-time-24700,https://plungesaunafinder.com/arizona/peoria/life-time-24700
The Alaska Club Summit Luxury Gym,11001 O'Malley Centre Dr Suite 103,Anchorage,Alaska,99515,61.1214708,-149.8603817,(907) 365-7300,https://www.thealaskaclub.com/?utm_source=google&utm_medium=organic&utm_campaign=gbp-tacsummit-profile,4.1,61,"Hot Tub, Infrared Sauna, Steam Room, Traditional Sauna",ChIJWflpD5WZyFYRKPRdylVFLtg,"Traditional Sauna available in Anchorage, Alaska. Membership available.",https://plungesaunafinder.com/alaska/anchorage/the-alaska-club-summit-luxury-gym,https://plungesaunafinder.com/alaska/anchorage/the-alaska-club-summit-luxury-gym
Perspire Sauna Studio,7001 N Scottsdale Rd C-140,Scottsdale,Arizona,85253,33.5398737,-111.9250691,(480) 757-5045,https://www.perspiresaunastudio.com/az/paradise-valley/,4.9,102,"Cold Plunge, Float, Halotherapy, Infrared Sauna, Red Light Therapy",ChIJCczj2RMLK4cR81-f1EM4LUM,"Red Light Therapy available in Scottsdale, Arizona. Day Pass available.",https://plungesaunafinder.com/arizona/scottsdale/perspire-sauna-studio-mccormick-ranch,https://plungesaunafinder.com/arizona/scottsdale/perspire-sauna-studio-mccormick-ranch
RESET Mind & Body - Old Town Scottsdale,2515 N Scottsdale Rd Suite 108,Scottsdale,Arizona,85257,33.4753889,-111.9253855,(480) 809-6836,http://www.resetmindbody.com/,4.9,172,"Infrared Sauna, Cold Plunge",ChIJMVxG1kULK4cRpcgcuzSL-94,"Infrared Sauna available in Scottsdale, Arizona. Membership available.",https://plungesaunafinder.com/arizona/scottsdale/reset-mind-body-old-town-scottsdale,https://plungesaunafinder.com/arizona/scottsdale/reset-mind-body-old-town-scottsdale
Desert Cold Plunge & Wellness Studio,45110 Club Dr d,Indian Wells,California,92210,33.7208224,-116.3257764,(760) 619-5959,https://www.desertcoldplungeandwellness.com/,5,28,"Cold Plunge, Infrared Sauna, Massage, Red Light Therapy",ChIJj81QAkn_2oARS6qpaHCKm2A,"Cold Plunge available in Indian Wells, California. Day Pass available.",https://plungesaunafinder.com/california/indian-wells/desert-cold-plunge-wellness-studio,https://plungesaunafinder.com/california/indian-wells/desert-cold-plunge-wellness-studio
24 Hour Fitness,17970 Studebaker Rd Plaza 183,Cerritos,California,90703,33.8676419,-118.098277,(562) 263-5154,https://www.24hourfitness.com/gyms/cerritos-ca/cerritos-super-sport?Adb_id=GGL_LOC_ACQ_CDP,4.1,538,"Hot Tub, Infrared Sauna, Massage, Steam Room, Traditional Sauna",ChIJ_QZ_KnAt3YARrsUunaFo4S8,"Traditional Sauna available in Cerritos, California. Day Pass available.",https://plungesaunafinder.com/california/cerritos/24-hour-fitness-17970,https://plungesaunafinder.com/california/cerritos/24-hour-fitness-17970
WeVitalize,10156 Adams Ave,Huntington Beach,California,92646,33.6715487,-117.9512237,(714) 378-8660,https://www.wevitalize.com/,5,69,Infrared Sauna,ChIJBSdPEuQh3YARmt8cIUkT0BU,"Infrared Sauna available in Huntington Beach, California. Day Pass available.",https://plungesaunafinder.com/california/huntington-beach/wevitalize,https://plungesaunafinder.com/california/huntington-beach/wevitalize
Benton House Designs - Aveda Concept Salon & Boutique,811 S Pine St,Harrison,Arkansas,72601,36.2206608,-93.1108959,(870) 743-1042,http://bentonhousedesigns.com/,4.8,54,"Infrared Sauna, Massage, Traditional Sauna",ChIJQVu8D7OKzocRpCnStN7n2W0,"Traditional Sauna available in Harrison, Arkansas. Private Session available.",https://plungesaunafinder.com/arkansas/harrison/benton-house-designs-aveda-concept-salon-boutique,https://plungesaunafinder.com/arkansas/harrison/benton-house-designs-aveda-concept-salon-boutique
Azia Medical Spa,153 Narrows Pkwy 201 2nd Floor,Birmingham,Alabama,35242,33.3700212,-86.6639395,(205) 980-7772,http://www.aziamedispa.com/?utm_source=gmb&utm_medium=organic,4.8,143,"Infrared Sauna, Massage, Traditional Sauna",ChIJ9fDIyd89iYgRRJNJgF0mIRk,"Traditional Sauna available in Birmingham, Alabama. Private Session available.",https://plungesaunafinder.com/alabama/birmingham/azia-medical-spa,https://plungesaunafinder.com/alabama/birmingham/azia-medical-spa
Healing Waters Wellness Center & Spa,720 23rd St S,Birmingham,Alabama,35233,33.5069807,-86.7954723,(205) 323-7582,http://www.morethancolonics.com/,4.9,333,"Infrared Sauna, Massage, Traditional Sauna",ChIJf2LlGccbiYgRrSO4d3ucQ-g,"Traditional Sauna available in Birmingham, Alabama. Private Session available.",https://plungesaunafinder.com/alabama/birmingham/healing-waters-wellness-center-spa,https://plungesaunafinder.com/alabama/birmingham/healing-waters-wellness-center-spa
The Wellness Lounge,1005 E Dimond Blvd,Anchorage,Alaska,99515,61.1451176,-149.8627016,(907) 222-4019,https://akwellnesslounge.com/,4.9,56,"Infrared Sauna, Cold Plunge, Massage, Red Light Therapy",ChIJYY5_f-WZyFYRxBMiHJo7XqQ,"Infrared Sauna available in Anchorage, Alaska. Private Session available.",https://plungesaunafinder.com/alaska/anchorage/the-wellness-lounge,https://plungesaunafinder.com/alaska/anchorage/the-wellness-lounge
Restore Hyper Wellness,8977 N Scottsdale Rd Suite 503,Scottsdale,Arizona,85253,33.566919,-111.9256155,(623) 404-2213,https://www.restore.com/locations/az-scottsdale-gainey-village-az006?utm_source=gmb&utm_medium=Yext&y_source=1_MzE2Mjk4MTktNzE1LWxvY2F0aW9uLndlYnNpdGU%3D,4.9,61,"Cryotherapy, Red Light Therapy, Infrared Sauna",ChIJiXlLpgl1K4cRmDlFH4kaFK0,"Cryotherapy available in Scottsdale, Arizona. Membership available.",https://plungesaunafinder.com/arizona/scottsdale/restore-hyper-wellness-south-scottsdale,https://plungesaunafinder.com/arizona/scottsdale/restore-hyper-wellness-south-scottsdale
24 Hour Fitness,42900 Jackson St,Indio,California,92203,33.737244,-116.212834,(760) 262-8771,https://www.24hourfitness.com/gyms/indio-ca/indio-jackson-center-sport?Adb_id=GGL_LOC_ACQ_CDP,4,468,"Hot Tub, Infrared Sauna, Massage, Steam Room, Traditional Sauna",ChIJv0RtC2732oARaY08sq7uTaM,"Traditional Sauna available in Indio, California. Day Pass available.",https://plungesaunafinder.com/california/indio/24-hour-fitness-42900,https://plungesaunafinder.com/california/indio/24-hour-fitness-42900
"HOTWORX - Birmingham, AL - Midtown",2901 4th Ave S Suite 1I,Birmingham,Alabama,35233,33.5148151,-86.7891509,(205) 502-7898,https://www.hotworx.net/studio/birmingham-midtown/,4.4,51,Infrared Sauna,ChIJT5rwGcAbiYgRYSHyrpHSE2I,"Infrared Sauna available in Birmingham, Alabama. Membership available.",https://plungesaunafinder.com/alabama/birmingham/hotworx-birmingham-al-midtown,https://plungesaunafinder.com/alabama/birmingham/hotworx-birmingham-al-midtown
Alyeska Nordic Spa,1000 Arlberg Ave,Girdwood,Alaska,99587,60.9706743,-149.0959696,(833) 747-3267,https://anordicspa.com/,4.3,456,"Cold Plunge, Halotherapy, Infrared Sauna, Massage, Steam Room, Traditional Sauna",ChIJXZbH_ChlyFYRgtDyEQxCBb0,"Traditional Sauna available in Girdwood, Alaska. Day Pass available.",https://plungesaunafinder.com/alaska/girdwood/alyeska-nordic-spa,https://plungesaunafinder.com/alaska/girdwood/alyeska-nordic-spa
"Healing Of The Body And Mind, LLC",8282 W Cactus Rd Suite E-144,Peoria,Arizona,85381,33.5965535,-112.2373424,(623) 296-9485,http://healingofthebodyandmind.com/,4.9,71,"Infrared Sauna, Lymphatic Drainage, Massage, PEMF Therapy",ChIJJYk3ieJpK4cRCU4RXQmQMkQ,"Infrared Sauna available in Peoria, Arizona. Day Pass available.",https://plungesaunafinder.com/arizona/peoria/healing-of-the-body-and-mind-llc,https://plungesaunafinder.com/arizona/peoria/healing-of-the-body-and-mind-llc
"HOTWORX - Chino Hills, CA",3560 Grand Ave Suite 3560 G,Chino Hills,California,91709,34.0042978,-117.7284031,(909) 657-2323,https://www.hotworx.net/studio/chinohills,4.5,24,Infrared Sauna,ChIJBdnrfYMzw4ARuEAL010XUUc,"Infrared Sauna available in Chino Hills, California. Membership available.",https://plungesaunafinder.com/california/chino-hills/hotworx-chino-hills-ca,https://plungesaunafinder.com/california/chino-hills/hotworx-chino-hills-ca
Sawadee Aqua Spa-Massage and Waterfall Scalp Spa in Scottsdale,15227 N 87th St Ste105,Scottsdale,Arizona,85260,33.6234227,-111.8917919,(480) 686-9550,https://sawadeeaquaspa.com/,5,36,"Infrared Sauna, Massage, Hot Tub, Float",ChIJl2QHf_t1K4cRORA3lKDsEF0,"Infrared Sauna available in Scottsdale, Arizona. Day Pass available.",https://plungesaunafinder.com/arizona/scottsdale/sawadee-aqua-spa-massage-and-waterfall-scalp-spa-in-scottsdale,https://plungesaunafinder.com/arizona/scottsdale/sawadee-aqua-spa-massage-and-waterfall-scalp-spa-in-scottsdale
24 Hour Fitness,4200 Chino Hills Pkwy Suite 780,Chino Hills,California,91709,33.985632,-117.7144711,(909) 393-0724,https://www.24hourfitness.com/gyms/chino-hills-ca/chino-hills-marketplace-sport?Adb_id=GGL_LOC_ACQ_CDP,3.5,273,"Hot Tub, Infrared Sauna, Massage, Steam Room, Traditional Sauna",ChIJK2uciTfN3IAR7LZsRl_Ukfg,"Traditional Sauna available in Chino Hills, California. Day Pass available.",https://plungesaunafinder.com/california/chino-hills/24-hour-fitness-4200,https://plungesaunafinder.com/california/chino-hills/24-hour-fitness-4200
RCVRY House,"Located inside of Wheelhouse Academy, 2424 4th Ave S",Birmingham,Alabama,35233,33.5124246,-86.7956005,(205) 572-6172,https://rcvryhouse.com/,5,9,"Cold Plunge, Infrared Sauna, Traditional Sauna",ChIJ00mUmtMbiYgRJpPfAxFFDjQ,"Traditional Sauna available in Birmingham, Alabama. Day Pass available.",https://plungesaunafinder.com/alabama/birmingham/rcvry-house,https://plungesaunafinder.com/alabama/birmingham/rcvry-house
24 Hour Fitness,8697 Irvine Center Dr,Irvine,California,92618,33.642992,-117.742743,(949) 585-0060,https://www.24hourfitness.com/gyms/irvine-ca/irvine-center-drive-super-sport?Adb_id=GGL_LOC_ACQ_CDP,3.9,365,"Hot Tub, Infrared Sauna, Massage, Steam Room, Traditional Sauna",ChIJexLPhuPn3IARxiRg4ByaBfY,"Traditional Sauna available in Irvine, California. Day Pass available.",https://plungesaunafinder.com/california/irvine/24-hour-fitness-irvine-research-center,https://plungesaunafinder.com/california/irvine/24-hour-fitness-irvine-research-center
Restore Hyper Wellness,2800 Cahaba Village Pl Ste. 210,Birmingham,Alabama,35223,33.461075,-86.7531729,(205) 649-7874,https://www.restore.com/locations/al-birmingham-mt-brook-al001?utm_source=gmb&utm_medium=Yext&y_source=1_MzE2Mjk4MTUtNzE1LWxvY2F0aW9uLndlYnNpdGU%3D,4.9,350,"Cryotherapy, Red Light Therapy, Infrared Sauna",ChIJH2e0gOAZiYgRTF0t3Znka9I,"Cryotherapy available in Birmingham, Alabama. Membership available.",https://plungesaunafinder.com/alabama/birmingham/restore-hyper-wellness-2800,https://plungesaunafinder.com/alabama/birmingham/restore-hyper-wellness-2800
Palm Beach Tan,1810 E Highland Dr,Jonesboro,Arkansas,72401,35.8217372,-90.6842719,(870) 738-8030,https://palmbeachtan.com/locations/AR/Jonesboro-East-Highland-Drive/?utm_source=google_my_business&utm_medium=organic&utm_campaign=seo&utm_content=ARK001,4.8,161,"Infrared Sauna, Red Light Therapy",ChIJr9Csya0u1IcRXET76uZ8658,"Infrared Sauna available in Jonesboro, Arkansas. Day Pass available.",https://plungesaunafinder.com/arkansas/jonesboro/palm-beach-tan-1810,https://plungesaunafinder.com/arkansas/jonesboro/palm-beach-tan-1810
Unwind Health Spa,9619 Hayden Rd # 110,Scottsdale,Arizona,85258,33.5741286,-111.9043212,(480) 805-5665,https://unwindhealthspa.com/,5,40,"Traditional Sauna, Infrared Sauna, Hot Tub, Cold Plunge, PEMF Therapy, Red Light Therapy, Massage, Float",ChIJ-U_EMEV1K4cRAa4ka7SoQKM,"Traditional Sauna available in Scottsdale, Arizona. Day Pass available.",https://plungesaunafinder.com/arizona/scottsdale/unwind-health-spa,https://plungesaunafinder.com/arizona/scottsdale/unwind-health-spa
Restore Hyper Wellness,13925 City Center Dr Suite 2050,Chino Hills,California,91709,34.0006011,-117.7293938,(909) 342-9103,http://www.restore.com/locations/ca-chino-hills-ca077?utm_source=gmb&utm_medium=Yext&y_source=1_OTc4MTYyNjctNzE1LWxvY2F0aW9uLndlYnNpdGU%3D,4.8,179,"Cryotherapy, Red Light Therapy, Infrared Sauna",ChIJL79fPZUzw4ARTVmzSaXqcQU,"Cryotherapy available in Chino Hills, California. Membership available.",https://plungesaunafinder.com/california/chino-hills/restore-hyper-wellness-13925,https://plungesaunafinder.com/california/chino-hills/restore-hyper-wellness-13925
24 Hour Fitness,13692 Jamboree Rd,Irvine,California,92602,33.7206813,-117.791057,(714) 665-1233,https://www.24hourfitness.com/gyms/irvine-ca/irvine-marketplace-super-sport,3.6,839,"Infrared Sauna, Steam Room, Hot Tub, Massage",ChIJxctnikLd3IAR8Arv88nDcMI,"Infrared Sauna available in Irvine, California. Day Pass available.",https://plungesaunafinder.com/california/irvine/24-hour-fitness-lower-peters-canyon,https://plungesaunafinder.com/california/irvine/24-hour-fitness-lower-peters-canyon
Sedona Spa,160 Portal Ln,Sedona,Arizona,86336,34.8614925,-111.7643466,(928) 203-5344,http://www.sedonaspa.com/,4.7,62,"Infrared Sauna, Jacuzzi, Massage, Steam Room, Traditional Sauna",ChIJwWnwelahLYcR99AGNAOQ53c,"Traditional Sauna available in Sedona, Arizona. Day Pass available.",https://plungesaunafinder.com/arizona/sedona/sedona-spa,https://plungesaunafinder.com/arizona/sedona/sedona-spa
24 Hour Fitness,12155 Central Ave,Chino,California,91710,34.0325122,-117.6878267,(909) 590-4454,https://www.24hourfitness.com/gyms/chino-ca/chino-super-sport?Adb_id=GGL_LOC_ACQ_CDP,4,556,"Hot Tub, Infrared Sauna, Massage, Steam Room, Traditional Sauna",ChIJW8wbggMzw4ARy8i40r2q4o0,"Traditional Sauna available in Chino, California. Membership available.",https://plungesaunafinder.com/california/chino/24-hour-fitness-12155,https://plungesaunafinder.com/california/chino/24-hour-fitness-12155
Palm Beach Tan,3410 E Johnson Ave,Jonesboro,Arkansas,72405,35.8575801,-90.6583592,(870) 738-8033,https://palmbeachtan.com/locations/AR/Jonesboro-Johnson-Road/?utm_source=google_my_business&utm_medium=organic&utm_campaign=seo&utm_content=ARK005,4.8,122,"Infrared Sauna, Red Light Therapy",ChIJ63C-WPYr1IcRusVlxB1nvXk,"Infrared Sauna available in Jonesboro, Arkansas. Day Pass available.",https://plungesaunafinder.com/arkansas/jonesboro/palm-beach-tan-3410,https://plungesaunafinder.com/arkansas/jonesboro/palm-beach-tan-3410
RESET Mind & Body - Uptown Phoenix,6202 N 7th St,Phoenix,Arizona,85014,33.5275966,-112.0654814,(602) 962-5217,http://resetmindbody.com/,4.9,170,"Infrared Sauna, Cold Plunge, Float, Red Light Therapy",ChIJl9fAFOQTK4cR0OGi295veDE,"Infrared Sauna available in Phoenix, Arizona. Membership available.",https://plungesaunafinder.com/arizona/phoenix/reset-mind-body-uptown-phoenix,https://plungesaunafinder.com/arizona/phoenix/reset-mind-body-uptown-phoenix
Reset Mind & Body - Arcadia,4041 E Thomas Rd #123,Phoenix,Arizona,85018,33.4798514,-111.9949136,(602) 641-3105,https://www.resetmindbody.com/,5,123,"Infrared Sauna, Cold Plunge, Float, Red Light Therapy",ChIJIQ8pfd0NK4cRMyZp-O-iCOc,"Infrared Sauna available in Phoenix, Arizona. Membership available.",https://plungesaunafinder.com/arizona/phoenix/reset-mind-body-arcadia,https://plungesaunafinder.com/arizona/phoenix/reset-mind-body-arcadia
Beyond the Plunge,25265 AL-181 Suite 102,Daphne,Alabama,36526,30.5923917,-87.8529324,(251) 699-0108,https://beyondtheplunge.com/,5,19,"Cold Plunge, Infrared Sauna, Massage, Traditional Sauna",ChIJ6RhKAb9rmogR9xQhW147g1E,"Traditional Sauna available in Daphne, Alabama. Day Pass available.",https://plungesaunafinder.com/alabama/daphne/beyond-the-plunge,https://plungesaunafinder.com/alabama/daphne/beyond-the-plunge
Dothan Athletic Club,3509 Montgomery Hwy,Dothan,Alabama,36303,31.2545382,-85.433456,(334) 699-1069,http://www.dothanathleticclub.com/,4.2,134,"Infrared Sauna, Steam Room, Traditional Sauna",ChIJpfV2BAySkogRzb_9cU-ey7c,"Traditional Sauna available in Dothan, Alabama. Day Pass available.",https://plungesaunafinder.com/alabama/dothan/dothan-athletic-club,https://plungesaunafinder.com/alabama/dothan/dothan-athletic-club
Cryogen Plus,"439 N Hwy 90 Byp, Suite A",Sierra Vista,Arizona,85635,31.5590259,-110.2558093,(520) 458-5990,http://www.cryogenplus.com/,4.9,20,"Cryotherapy, Infrared Sauna, Massage, Red Light Therapy, Traditional Sauna",ChIJ03K-5r8p14YRtb7NPeCFeck,"Cryotherapy available in Sierra Vista, AZ. Membership available.",https://plungesaunafinder.com/arizona/sierra-vista/cryogen-plus,https://plungesaunafinder.com/arizona/sierra-vista/cryogen-plus
WE BELIEVE WELLNESS CENTER,37417 N Tom Darlington Dr Unit 6,Carefree,Arizona,85377,33.8256238,-111.9241661,(602) 525-5220,https://www.webelieveaz.com/,5,48,"Infrared Sauna, Cold Plunge, PEMF Therapy, Red Light Therapy",ChIJ3wezbJlnK4cR_-Bo5yJEY34,"Infrared Sauna available in Carefree, Arizona. Membership available.",https://plungesaunafinder.com/arizona/carefree/we-believe-wellness-center,https://plungesaunafinder.com/arizona/carefree/we-believe-wellness-center
Workout Anytime Hilltop - Jonesboro,3410 E Johnson Ave Ste V,Jonesboro,Arkansas,72401,35.8583765,-90.6582455,(870) 336-0290,https://workoutanytime.com/location/hilltop-jonesboro/,4.4,74,"Infrared Sauna, Traditional Sauna",ChIJsyPT7YQr1IcRav2Ro3o3ZzE,"Infrared Sauna available in Jonesboro, Arkansas. Membership available.",https://plungesaunafinder.com/arkansas/jonesboro/workout-anytime-hilltop-jonesboro,https://plungesaunafinder.com/arkansas/jonesboro/workout-anytime-hilltop-jonesboro
Bronzed Beauty Bar,13641 Central Ave suite m,Chino,California,91710,34.0059494,-117.6881254,(909) 203-2360,https://bronzedbeautybar.com/,5,41,"Infrared Sauna, Red Light Therapy, Massage",ChIJjZZ_nLo1w4ARwYDx_ifTrxE,"Infrared Sauna available in Chino, California. Day Pass available.",https://plungesaunafinder.com/california/chino/bronzed-beauty-bar,https://plungesaunafinder.com/california/chino/bronzed-beauty-bar
Ava Bella Day Spa,301 N Shackleford Rd C3,Little Rock,Arkansas,72211,34.7561958,-92.3921171,(501) 954-8888,http://www.avabelladayspa.com/,4.6,144,"Infrared Sauna, Massage",ChIJl0D6w02h0ocRtNaHlOFj3lI,"Infrared Sauna available in Little Rock, Arkansas. Day Pass available.",https://plungesaunafinder.com/arkansas/little-rock/ava-bella-day-spa,https://plungesaunafinder.com/arkansas/little-rock/ava-bella-day-spa
Perspire Sauna Studio,6787 Quail Hill Pkwy,Irvine,California,92603,33.654188,-117.778425,(949) 570-9185,https://www.perspiresaunastudio.com/ca/irvine-quail-hill/,5,89,"Cold Plunge, Halotherapy, Infrared Sauna, Red Light Therapy",ChIJWaAovmDd3IAR5cU2Mxy7ioI,"Red Light Therapy available in Irvine, California. Day Pass available.",https://plungesaunafinder.com/california/irvine/perspire-sauna-studio-quail-hill,https://plungesaunafinder.com/california/irvine/perspire-sauna-studio-quail-hill
Bronzed Beauty Bar Body Sculpting- EmSculpt- Ultrasonic Cavitation,13641 Central Ave m,Chino,California,91710,34.0050453,-117.6877129,(909) 203-2360,https://bronzedbeautybar.com/emsculpt/,,,"Infrared Sauna, Red Light Therapy",,"Infrared Sauna available in Chino, California. Private Session available.",https://plungesaunafinder.com/california/chino/bronzed-beauty-bar-body-sculpting-emsculpt-ultrasonic-cavitation,https://plungesaunafinder.com/california/chino/bronzed-beauty-bar-body-sculpting-emsculpt-ultrasonic-cavitation
"Sana Vita | Cryotherapy, Float Therapy, Redlight Therapy, Oxygen Bar, Infrared saunas, Compression therapy | Wellness",534 W Washington Ave,Jonesboro,Arkansas,72401,35.8387282,-90.7101683,(870) 938-0574,https://www.sanavitawellness.net/,5,15,"Infrared Sauna, Cryotherapy, Float, Halotherapy, Red Light Therapy, Massage",ChIJQdsno3op1IcR7u8wzOqb8Mk,"Infrared Sauna available in Jonesboro, Arkansas. Day Pass available.",https://plungesaunafinder.com/arkansas/jonesboro/sana-vita-cryotherapy-float-therapy-redlight-therapy-oxygen-bar-infrared-saunas-compression-therapy-wellness,https://plungesaunafinder.com/arkansas/jonesboro/sana-vita-cryotherapy-float-therapy-redlight-therapy-oxygen-bar-infrared-saunas-compression-therapy-wellness
Massage Green SPA,3926 Grand Ave G,Chino,California,91710,34.0000174,-117.718377,(909) 465-6776,https://massagegreenspa.com/?SPA=Chino,4.8,437,"Infrared Sauna, Massage",ChIJpXSprKUyw4AR8cE9LpRCJR0,"Infrared Sauna available in Chino, California. Membership available.",https://plungesaunafinder.com/california/chino/massage-green-spa-3926,https://plungesaunafinder.com/california/chino/massage-green-spa-3926
Epic Recovery,8278 W Lake Pleasant Pkwy #103,Peoria,Arizona,85382,33.6703743,-112.2383537,(623) 624-8969,http://www.epicrecover.com/,5,12,"Cold Plunge, Infrared Sauna, Traditional Sauna, Red Light Therapy, PEMF Therapy, Lymphatic Drainage",ChIJh1V4YdlnK4cRqoRl_U4lFBk,"Cold Plunge available in Peoria, Arizona. Day Pass available.",https://plungesaunafinder.com/arizona/peoria/epic-recovery,https://plungesaunafinder.com/arizona/peoria/epic-recovery
Reset Mind & Body - Paradise Valley,4667 E Cactus Rd Suite 3A12,Phoenix,Arizona,85032,33.5973997,-111.9814137,(602) 560-9864,https://www.resetmindbody.com/,5,122,"Infrared Sauna, Cold Plunge, Float, Red Light Therapy",ChIJj4AqBZJzK4cRQr0ZsgLO-N0,"Infrared Sauna available in Phoenix, Arizona. Membership available.",https://plungesaunafinder.com/arizona/phoenix/reset-mind-body-paradise-valley,https://plungesaunafinder.com/arizona/phoenix/reset-mind-body-paradise-valley
"HOTWORX - Tempe, AZ - Tempe Campus",1135 E Apache Blvd Suite 105,Tempe,Arizona,85281,33.414315,-111.920793,(602) 609-4328,https://www.hotworx.net/studio/tempecampus,4.2,59,Infrared Sauna,ChIJM-MU2d0JK4cRtqvGsfyJE0k,"Infrared Sauna available in Tempe, Arizona. Membership available.",https://plungesaunafinder.com/arizona/tempe/hotworx-tempe-az-tempe-campus,https://plungesaunafinder.com/arizona/tempe/hotworx-tempe-az-tempe-campus
24 Hour Fitness,1660 Broadway,Chula Vista,California,91911,32.5963933,-117.0763844,(619) 425-6600,https://www.24hourfitness.com/gyms/chula-vista-ca/chula-vista-active?Adb_id=GGL_LOC_ACQ_CDP,4.1,544,"Infrared Sauna, Traditional Sauna",ChIJhx77Hp1O2YARWZOtkuBli90,"Traditional Sauna available in Chula Vista, California. Day Pass available.",https://plungesaunafinder.com/california/chula-vista/24-hour-fitness-1660,https://plungesaunafinder.com/california/chula-vista/24-hour-fitness-1660
Optimyze Tempe,1855 E Guadalupe Rd Suite 101,Tempe,Arizona,85283,33.3631581,-111.9082187,(602) 687-1184,https://www.optimyze.me/,5,268,"Cold Plunge, Infrared Sauna, Red Light Therapy, PEMF Therapy, Massage",ChIJq4mHcDEHK4cRD8pjeBcSk3w,"Cold Plunge available in Tempe, Arizona. Day Pass available.",https://plungesaunafinder.com/arizona/tempe/optimyze-tempe,https://plungesaunafinder.com/arizona/tempe/optimyze-tempe
The Gym of Foley,120 W Berry Ave,Foley,Alabama,36535,30.4184306,-87.6850176,(251) 714-9715,http://www.gymoffoley.com/,4.8,76,"Infrared Sauna, Traditional Sauna",ChIJxX-dq-MNmogRIpBuuMI_D1c,"Traditional Sauna available in Foley, Alabama. Day Pass available.",https://plungesaunafinder.com/alabama/foley/the-gym-of-foley,https://plungesaunafinder.com/alabama/foley/the-gym-of-foley
Ensō Skincare & Wellness,312 N Alma School Rd #19,Chandler,Arizona,85224,33.3077253,-111.8599233,(602) 290-0342,http://ensoskincarewellness.com/,5,89,"Infrared Sauna, Massage",ChIJAV8JnCoBK4cR6TxHnXPBjjY,"Massage available in Chandler, Arizona. Private Session available.",https://plungesaunafinder.com/arizona/chandler/ens-skincare-wellness,https://plungesaunafinder.com/arizona/chandler/ens-skincare-wellness
Wine Down Spa,1001 Rainbow Dr Suite 29,Gadsden,Alabama,35901,33.9956897,-86.007024,(256) 458-9669,https://winedownspa.com/,4.9,79,"Float, Infrared Sauna, Massage, Traditional Sauna",ChIJ0VixZY45iogR0vF3AANSaWI,"Traditional Sauna available in Gadsden, Alabama. Day Pass available.",https://plungesaunafinder.com/alabama/gadsden/wine-down-spa,https://plungesaunafinder.com/alabama/gadsden/wine-down-spa
Palm Beach Tan,403-409 Cox Creek Pkwy Ste B-C,Florence,Alabama,35630,34.8410284,-87.6394206,(256) 764-1820,https://palmbeachtan.com/locations/AL/Cox-Creek-Parkway/?utm_source=google_my_business&utm_medium=organic&utm_campaign=seo&utm_content=ALA008,4.3,108,"Infrared Sauna, Red Light Therapy, Halotherapy",ChIJN8jpOiA2fYgRJZvUod9lXFQ,"Infrared Sauna available in Florence, Alabama. Membership available.",https://plungesaunafinder.com/alabama/florence/palm-beach-tan-403-409,https://plungesaunafinder.com/alabama/florence/palm-beach-tan-403-409
24 Hour Fitness,870 Amena Ct,Chula Vista,California,91910,32.6367416,-117.019165,(619) 656-0018,https://www.24hourfitness.com/gyms/chula-vista-ca/bonita-sport?Adb_id=GGL_LOC_ACQ_CDP,4.1,596,"Hot Tub, Infrared Sauna, Massage, Steam Room, Traditional Sauna",ChIJP3OlPbpP2YARH9HdkTmjk9E,"Traditional Sauna available in Chula Vista, California. Day Pass available.",https://plungesaunafinder.com/california/chula-vista/24-hour-fitness-rancho-del-rey,https://plungesaunafinder.com/california/chula-vista/24-hour-fitness-rancho-del-rey
"HOTWORX - Chandler, AZ - Ocotillo",2040 S Alma School Rd Suite 8,Chandler,Arizona,85286,33.2747802,-111.8597259,(480) 207-1187,https://www.hotworx.net/studio/chandler-ocotillo/,4.2,37,Infrared Sauna,ChIJ2SP4hUsBK4cRTIBHNQujgLo,"Infrared Sauna available in Chandler, Arizona. Membership available.",https://plungesaunafinder.com/arizona/chandler/hotworx-chandler-az-ocotillo,https://plungesaunafinder.com/arizona/chandler/hotworx-chandler-az-ocotillo
Chuze Fitness,1030 3rd Ave,Chula Vista,California,91911,32.6161141,-117.0713961,(619) 565-1155,https://chuzefitness.com/gym-locations/ca/chula-vista/,4.4,1078,"Traditional Sauna, Infrared Sauna, Steam Room",ChIJG9vxhntO2YARYk1euSApY8Q,"Traditional Sauna available in Chula Vista, California. Day Pass available.",https://plungesaunafinder.com/california/chula-vista/chuze-fitness-1030,https://plungesaunafinder.com/california/chula-vista/chuze-fitness-1030
Palm Beach Tan,1740 E Broadway Rd #107,Tempe,Arizona,85282,33.4079587,-111.9105127,(480) 968-6499,https://palmbeachtan.com/locations/AZ/Tempe-East-Broadway-Road?utm_source=google_my_business&utm_medium=organic&utm_campaign=seo&utm_content=PHX002,3.7,76,"Infrared Sauna, Red Light Therapy, Halotherapy",ChIJZ3ppg4wIK4cRjC5sKC0S1LI,"Infrared Sauna available in Tempe, Arizona. Day Pass available.",https://plungesaunafinder.com/arizona/tempe/palm-beach-tan-1740,https://plungesaunafinder.com/arizona/tempe/palm-beach-tan-1740
"HOTWORX - Little Rock, AR - Hwy 10",12911 Cantrell Rd #9,Little Rock,Arkansas,72223,34.797261,-92.4159285,(501) 920-4705,https://www.hotworx.net/studio/littlerock-hwy10/,4.8,87,Infrared Sauna,ChIJb1BhqECh0ocRUvfsvNO3MPA,"Infrared Sauna available in Little Rock, Arkansas. Membership available.",https://plungesaunafinder.com/arkansas/little-rock/hotworx-little-rock-ar-hwy-10,https://plungesaunafinder.com/arkansas/little-rock/hotworx-little-rock-ar-hwy-10
Lake Tahoe Wellness Center,695 Wolf St Box 2979,Kings Beach,California,96143,39.2430076,-120.0294393,(530) 546-8201,http://www.laketahoewellnesscenter.com/,4.9,117,"Infrared Sauna, Lymphatic Drainage, Massage",ChIJ6ddbKNJkmYARZ3FvCe-lWIg,"Infrared Sauna available in Kings Beach, California. Private Session available.",https://plungesaunafinder.com/california/kings-beach/lake-tahoe-wellness-center,https://plungesaunafinder.com/california/kings-beach/lake-tahoe-wellness-center
Reset Mind & Body - South Tempe,9920 S Rural Rd A-104,Tempe,Arizona,85284,33.322008,-111.9302182,(602) 560-7416,https://www.resetmindbody.com/,5,20,"Infrared Sauna, Cold Plunge",ChIJ3VmqNqwHK4cReEoDeT4mD50,"Infrared Sauna available in Tempe, Arizona. Membership available.",https://plungesaunafinder.com/arizona/tempe/reset-mind-body-south-tempe,https://plungesaunafinder.com/arizona/tempe/reset-mind-body-south-tempe
Bay Club Ross Valley,235 Bon Air Rd,Kentfield,California,94904,37.9491443,-122.536122,(415) 461-5431,https://www.bayclubs.com/rossvalley/?utm_source=Chatmeter&utm_medium=Google&utm_campaign=ClubPage&utm_content=RossValleyCH,4.2,37,"Infrared Sauna, Massage, Steam Room, Traditional Sauna",ChIJDaTfDwqahYAREw09ZgR4Dng,"Traditional Sauna available in Kentfield, California. Membership available.",https://plungesaunafinder.com/california/kentfield/bay-club-ross-valley,https://plungesaunafinder.com/california/kentfield/bay-club-ross-valley
"HOTWORX - Chula Vista, CA - Millenia",1774 Metro Ave,Chula Vista,California,91915,32.6164399,-116.9659936,(619) 932-8812,https://www.hotworx.net/studio/chula-vista-millenia,5,18,Infrared Sauna,ChIJN1K5ULNF2YARcyDpHfUwpPY,"Infrared Sauna available in Chula Vista, California. Day Pass available.",https://plungesaunafinder.com/california/chula-vista/hotworx-chula-vista-ca-millenia,https://plungesaunafinder.com/california/chula-vista/hotworx-chula-vista-ca-millenia
MeTime Wellness Spa,13291 W McDowell Rd e6,Goodyear,Arizona,85395,33.463255,-112.3449166,(623) 535-7826,https://metimeaz.com/?utm_source=gmb&utm_medium=organic&utm_campaign=gmb-listing,4.8,213,"Infrared Sauna, Halotherapy, Red Light Therapy, Massage",ChIJv510u7A4K4cRCGJSgKEW2_M,"Infrared Sauna available in Goodyear, Arizona. Day Pass available.",https://plungesaunafinder.com/arizona/goodyear/metime-wellness-spa,https://plungesaunafinder.com/arizona/goodyear/metime-wellness-spa
Phoenix Recovery Hub,3202 E Greenway Rd #1319,Phoenix,Arizona,85032,33.628607,-112.0129932,(602) 750-0242,https://phoenixrecoveryhub.com/,5,14,"Cold Plunge, Infrared Sauna, Red Light Therapy, Traditional Sauna",ChIJq6lkoQtxK4cRA1ZpmrH4JsE,"Traditional Sauna available in Phoenix, Arizona. ",https://plungesaunafinder.com/arizona/phoenix/phoenix-recovery-hub,https://plungesaunafinder.com/arizona/phoenix/phoenix-recovery-hub
Perspire Sauna Studio,3885 S Arizona Ave Suite 4,Chandler,Arizona,85248,33.2492023,-111.8397474,(480) 745-1674,https://www.perspiresaunastudio.com/az/ocotillo/,5,66,"Cold Plunge, Halotherapy, Infrared Sauna, Red Light Therapy",ChIJZfbVZXGrK4cRZSD3aR7kkPA,"Red Light Therapy available in Chandler, Arizona. Day Pass available.",https://plungesaunafinder.com/arizona/chandler/perspire-sauna-studio-3885,https://plungesaunafinder.com/arizona/chandler/perspire-sauna-studio-3885
Self-Centered Detox & Rejuvenation Spa,1840 E Warner Rd Suite 123,Tempe,Arizona,85284,33.3357368,-111.9091147,(480) 758-4462,https://self-centeredspa.com/,5,38,"Infrared Sauna, Massage",ChIJTZivt2QHK4cRhEBpOsHpvY8,"Infrared Sauna available in Tempe, Arizona. Private Session available.",https://plungesaunafinder.com/arizona/tempe/self-centered-detox-rejuvenation-spa,https://plungesaunafinder.com/arizona/tempe/self-centered-detox-rejuvenation-spa
Ronlifewellness,940 Eastlake Pkwy suite 49,Chula Vista,California,91914,32.6502823,-116.9693119,(619) 753-1575,https://ronlifewellness.com/,,,Infrared Sauna,,"Infrared Sauna available in Chula Vista, California. Private Session available.",https://plungesaunafinder.com/california/chula-vista/ronlifewellness,https://plungesaunafinder.com/california/chula-vista/ronlifewellness
Rejuvgen,1940 S Alma School Rd #2,Chandler,Arizona,85286,33.277324,-111.860321,(480) 878-3088,https://www.rejuvgen.com/,5,17,"Infrared Sauna, Cold Plunge, Hot Tub, Jacuzzi, Massage",ChIJ63S0Z9UBK4cRtIWVY9O88bU,"Infrared Sauna available in Chandler, Arizona. ",https://plungesaunafinder.com/arizona/chandler/rejuvgen,https://plungesaunafinder.com/arizona/chandler/rejuvgen
Dan McKinney Family YMCA,8355 Cliffridge Ave,La Jolla,California,92037,32.858495,-117.24261,(858) 453-3483,https://www.ymcasd.org/locations/dan-mckinney-family-ymca,4.4,306,"Cold Plunge, Fitness, Gym, Hot Tub, Infrared Sauna, Massage, Personal Training, Red Light Therapy, Steam Room, Yoga",ChIJ2f77lDUB3IARBy4NBwf4T9U,"## Cold Plunge & Sauna The Dan McKinney Family YMCA features a sauna and a steam room, which members appreciate for recovery and preparation. However, the sauna and spa facilities are frequently...",https://plungesaunafinder.com/california/la-jolla/dan-mckinney-family-ymca-la-jolla-ca,https://plungesaunafinder.com/california/la-jolla/dan-mckinney-family-ymca-la-jolla-ca
Uni Lez,8414 Geyer Springs Rd #7,Little Rock,Arkansas,72209,34.6731101,-92.3446422,(469) 719-1248,https://square.site/book/6PS2BF6CJSQTT/the-healthy-spot-yoni-steam-and-body-contour-by-uni_lez-little-rock-ar,5,4,"Infrared Sauna, Lymphatic Drainage, Massage, Traditional Sauna",ChIJfUA_DWal0ocRfrHY6FIefGQ,"Traditional Sauna available in Little Rock, Arkansas. Private Session available.",https://plungesaunafinder.com/arkansas/little-rock/uni-lez,https://plungesaunafinder.com/arkansas/little-rock/uni-lez
Rest Recovery Chandler,610 N Alma School Rd Suite #52,Chandler,Arizona,85224,33.3148737,-111.859861,(602) 478-5838,https://www.restrecoverychandler.com/,4.5,67,"Cold Plunge, Float, Halotherapy, Infrared Sauna, PEMF Therapy, Red Light Therapy, Salt Room",ChIJpSkSQtkHK4cRpKPrvi51wgE,"Cold Plunge available in Chandler, Arizona. Membership available.",https://plungesaunafinder.com/arizona/chandler/rest-recovery-chandler,https://plungesaunafinder.com/arizona/chandler/rest-recovery-chandler
Life Time,1055 Wall St,La Jolla,California,92037,32.8465049,-117.2735736,(858) 410-7100,https://www.lifetime.life/locations/ca/la-jolla.html?utm_source=google&utm_medium=local&utm_campaign=google-local-club,3.9,113,"Infrared Sauna, Massage, Traditional Sauna",ChIJVfsqawAD3IAR70OotsQ5Pno,"Traditional Sauna available in La Jolla, California. Membership available.",https://plungesaunafinder.com/california/la-jolla/life-time-village-of-la-jolla,https://plungesaunafinder.com/california/la-jolla/life-time-village-of-la-jolla
R3 Contrast,3250 Independence Dr Suite 10,Homewood,Alabama,35209,33.4738949,-86.787521,(205) 872-0580,https://www.r3contrast.com/,,,"Cold Plunge, Infrared Sauna, Traditional Sauna",,"Traditional Sauna available in Homewood, Alabama. Membership available.",https://plungesaunafinder.com/alabama/homewood/r3-contrast,https://plungesaunafinder.com/alabama/homewood/r3-contrast
R3 Recovery and Wellness,7741 Fay Ave,La Jolla,California,92037,32.8442049,-117.2747275,(858) 252-7848,https://www.r3recover.com/,5,35,"Infrared Sauna, Cold Plunge, Hot Tub, Red Light Therapy",ChIJORnmOQMD3IARQrsBzm-ZetY,"Infrared Sauna available in La Jolla, California. Membership available.",https://plungesaunafinder.com/california/la-jolla/r3-recovery-and-wellness,https://plungesaunafinder.com/california/la-jolla/r3-recovery-and-wellness
Restore Hyper Wellness,2895 S Alma School Rd #8,Chandler,Arizona,85286,33.2639549,-111.8577354,(480) 999-4970,https://www.restore.com/locations/az-chandler-south-az003?utm_source=gmb&utm_medium=Yext&y_source=1_MzE2Mjk4MTctNzE1LWxvY2F0aW9uLndlYnNpdGU%3D,4.8,210,"Cryotherapy, Red Light Therapy, Infrared Sauna",ChIJ77LORZ4BK4cRBPcJlXJOh-E,"Cryotherapy available in Chandler, Arizona. Membership available.",https://plungesaunafinder.com/arizona/chandler/restore-hyper-wellness-2895,https://plungesaunafinder.com/arizona/chandler/restore-hyper-wellness-2895
Optimyze North Phoenix,"Kino Plaza North Shopping Center, 13802 N 32nd St Suite 10",Phoenix,Arizona,85032,33.61184,-112.0141182,(602) 675-5489,https://www.optimyze.me/,5,200,"Cold Plunge, Infrared Sauna, Red Light Therapy, PEMF Therapy, Massage",ChIJddKoe6pzK4cRKBCvAb9Dwzw,"Cold Plunge available in Phoenix, Arizona. Day Pass available.",https://plungesaunafinder.com/arizona/phoenix/optimyze-north-phoenix,https://plungesaunafinder.com/arizona/phoenix/optimyze-north-phoenix
Riffs Yoga Studios - Bird Rock,5510 La Jolla Blvd,La Jolla,California,92037,32.8125818,-117.2686633,(858) 456-2477,http://riffsyogastudios.com/,5,429,"Cold Plunge, Infrared Sauna, Massage, Red Light Therapy, Traditional Sauna",ChIJmXJJiSoC3IARTvvY5NAOhkg,"Traditional Sauna available in La Jolla, California. Day Pass available.",https://plungesaunafinder.com/california/la-jolla/riffs-yoga-studios-bird-rock,https://plungesaunafinder.com/california/la-jolla/riffs-yoga-studios-bird-rock
Tribe Cold Plunge,871 Harold Pl Suite #108,Chula Vista,California,91914,32.6527475,-116.957617,(619) 324-3849,https://tribecoldplunge.com/,5,19,"Cold Plunge, Infrared Sauna, Traditional Sauna",ChIJVW6P8cJF2YARs2zOK5Ewy8g,"Cold Plunge available in Chula Vista, California. Day Pass available.",https://plungesaunafinder.com/california/chula-vista/tribe-cold-plunge,https://plungesaunafinder.com/california/chula-vista/tribe-cold-plunge
A.List Complete Fitness,4400 E Broadway Blvd,Tucson,Arizona,85711,32.2209684,-110.8981805,(520) 200-1482,http://www.alistcompletefitness.com/,5,38,"Infrared Sauna, Massage",ChIJffLWpTBw1oYRnMo-te3au4E,"Infrared Sauna available in Tucson, Arizona. Day Pass available.",https://plungesaunafinder.com/arizona/tucson/a-list-complete-fitness,https://plungesaunafinder.com/arizona/tucson/a-list-complete-fitness
RISE Modern Wellness Chandler,7131 W Ray Rd #25,Chandler,Arizona,85226,33.3182203,-111.9655156,(602) 848-2441,https://risemodernwellness.com/locations/chandler-arizona/,5,102,"Cryotherapy, Infrared Sauna, PEMF Therapy, Halotherapy, Red Light Therapy, Massage",ChIJYcO-xl4FK4cRDeEPWMNwkLk,"Cryotherapy available in Chandler, Arizona. Membership available.",https://plungesaunafinder.com/arizona/chandler/rise-modern-wellness-chandler,https://plungesaunafinder.com/arizona/chandler/rise-modern-wellness-chandler
Soul Plunge,7463 Girard Ave,La Jolla,California,92037,32.840142,-117.272089,,http://soulplunge.com/,5,113,"Cold Plunge, Infrared Sauna",ChIJl0kAmcUB3IAROf-KXAI78MM,"Cold Plunge available in La Jolla, California. Day Pass available.",https://plungesaunafinder.com/california/la-jolla/soul-plunge,https://plungesaunafinder.com/california/la-jolla/soul-plunge
Chuze Fitness,4619 N Oracle Rd Ste 173,Tucson,Arizona,85705,32.2904784,-110.9798164,(520) 600-2713,https://chuzefitness.com/gym-locations/az/tucson-mall/,4.3,1055,"Traditional Sauna, Infrared Sauna, Hot Tub, Steam Room, Massage",ChIJpXlBJpRz1oYRnSAH8uxjmRg,"Traditional Sauna available in Tucson, Arizona. Day Pass available.",https://plungesaunafinder.com/arizona/tucson/chuze-fitness-automall,https://plungesaunafinder.com/arizona/tucson/chuze-fitness-automall
Aspen Integrative Medical Center,323 N Leroux St ste b,Flagstaff,Arizona,86001,35.2010635,-111.6477906,(928) 213-5828,http://www.aspenmedcenter.com/,4.9,70,Infrared Sauna,ChIJ7Vjzg0aPLYcR_fDlcvLisI0,"Infrared Sauna available in Flagstaff, Arizona. Private Session available.",https://plungesaunafinder.com/arizona/flagstaff/aspen-integrative-medical-center,https://plungesaunafinder.com/arizona/flagstaff/aspen-integrative-medical-center
24 Hour Fitness,6633 Auburn Blvd,Citrus Heights,California,95621,38.68723,-121.31003,(916) 722-7588,https://www.24hourfitness.com/gyms/citrus-heights-ca/citrus-heights-sport?Adb_id=GGL_LOC_ACQ_CDP,4.2,819,"Hot Tub, Infrared Sauna, Massage, Steam Room, Traditional Sauna",ChIJa-OX4AffmoARhSaYJw6Utvc,"Traditional Sauna available in Citrus Heights, California. Day Pass available.",https://plungesaunafinder.com/california/citrus-heights/24-hour-fitness-6633,https://plungesaunafinder.com/california/citrus-heights/24-hour-fitness-6633
MPL Group's GetWellness Center,7601 Sunrise Blvd #8,Citrus Heights,California,95610,38.7043216,-121.2729019,(916) 721-6566,https://www.getwellnesscenter.com/,4.8,12,"Infrared Sauna, Massage, Traditional Sauna",ChIJaVOg6tzfmoARjOBIpb6bqGA,"Traditional Sauna available in Citrus Heights, California. Private Session available.",https://plungesaunafinder.com/california/citrus-heights/mpl-group-s-getwellness-center,https://plungesaunafinder.com/california/citrus-heights/mpl-group-s-getwellness-center
RAFA Sauna Lounge Wellness Club,6029 San Juan Ave,Citrus Heights,California,95610,38.6755726,-121.2933676,(916) 595-7318,https://rafasauna.com/home/,5,6,"Cold Plunge, Infrared Sauna, Steam Room, Traditional Sauna",ChIJRyRX0GnfmoARku9-OkcxcF4,"Traditional Sauna available in Citrus Heights, California. Day Pass available.",https://plungesaunafinder.com/california/citrus-heights/rafa-sauna-lounge-wellness-club,https://plungesaunafinder.com/california/citrus-heights/rafa-sauna-lounge-wellness-club
Float Huntsville,1303 Four Mile Post Rd SE Suite A,Huntsville,Alabama,35802,34.6725709,-86.5501782,(256) 202-4868,https://www.floathuntsville.com/,4.9,110,"Float, Infrared Sauna, Massage, Red Light Therapy",ChIJXSP30SwTYogRv3mMjmMeock,"Float available in Huntsville, Alabama. Day Pass available.",https://plungesaunafinder.com/alabama/huntsville/float-huntsville,https://plungesaunafinder.com/alabama/huntsville/float-huntsville
Chuze Fitness,5548 E Grant Rd,Tucson,Arizona,85712,32.2492982,-110.8726149,(520) 600-2712,https://chuzefitness.com/gym-locations/az/grant-craycroft/,4.6,1085,"Hot Tub, Infrared Sauna, Massage, Steam Room, Traditional Sauna",ChIJaVEv2iRu1oYRYXbZNXXm9mE,"Traditional Sauna available in Tucson, Arizona. Day Pass available.",https://plungesaunafinder.com/arizona/tucson/chuze-fitness-grant-and-craycroft-shopping-center,https://plungesaunafinder.com/arizona/tucson/chuze-fitness-grant-and-craycroft-shopping-center
"Body Essentials HSV, Wellness & Beauty",3609 Memorial Pkwy SW Suite A1,Huntsville,Alabama,35801,34.6935374,-86.5815554,(256) 715-0854,http://www.bodyenvyhsv.com/,5,43,"Infrared Sauna, Red Light Therapy, Lymphatic Drainage, Massage",ChIJXYTG_QRtYogRBIXwJcO3D-c,"Infrared Sauna available in Huntsville, Alabama. Day Pass available.",https://plungesaunafinder.com/alabama/huntsville/body-essentials-hsv-wellness-beauty,https://plungesaunafinder.com/alabama/huntsville/body-essentials-hsv-wellness-beauty
High Country Motor Lodge - Flagstaff Hotel,1000 W Rte 66,Flagstaff,Arizona,86001,35.1919367,-111.6638087,(866) 928-4265,https://highcountrymotorlodge.com/,4.4,1422,"Infrared Sauna, Traditional Sauna",ChIJYfjkh2OPLYcRqyHNgrOPCrs,"Traditional Sauna available in Flagstaff, Arizona. Hotel Guests available.",https://plungesaunafinder.com/arizona/flagstaff/high-country-motor-lodge-flagstaff-hotel,https://plungesaunafinder.com/arizona/flagstaff/high-country-motor-lodge-flagstaff-hotel
Chuze Fitness,3693 S 16th Ave,Tucson,Arizona,85713,32.1794132,-110.9807022,(520) 600-2711,https://chuzefitness.com/gym-locations/az/ajo-16th/,4.3,671,"Traditional Sauna, Infrared Sauna, Steam Room",ChIJqbCGNadw1oYR3HhKobopD-k,"Traditional Sauna available in Tucson, Arizona. Membership available.",https://plungesaunafinder.com/arizona/tucson/chuze-fitness-sunset-villa,
The Drift Studio,350 W 4th St,Claremont,California,91711,34.0974777,-117.7187103,(909) 741-4800,https://thedriftstudio.com/,5,4,"Infrared Sauna, Cold Plunge, Red Light Therapy",ChIJN2FdNIkxw4ARLpwjmpaaew4,"Infrared Sauna available in Claremont, California. ",https://plungesaunafinder.com/california/claremont/the-drift-studio,https://plungesaunafinder.com/california/claremont/the-drift-studio
Longevity Lab,1 N 1st St,Phoenix,Arizona,85004,33.4484901,-112.0721433,(480) 877-9974,https://www.longevitylabaz.com/,5,20,"Infrared Sauna, Cold Plunge, Red Light Therapy, Massage",ChIJJ51ddKoTK4cRh27cwg0_Vb4,"Infrared Sauna available in Phoenix, Arizona. Membership available.",https://plungesaunafinder.com/arizona/phoenix/longevity-lab,https://plungesaunafinder.com/arizona/phoenix/longevity-lab
Fox Recovery Studio,2968 W Ina Rd,Tucson,Arizona,85741,32.3386848,-111.0319015,(520) 818-4369,https://www.foxrecoverystudio.com/,4.7,13,"Cold Plunge, Infrared Sauna, Traditional Sauna, Red Light Therapy",ChIJ692AA1R11oYRGkYTjmT8SVk,"Cold Plunge available in Tucson, Arizona. Day Pass available.",https://plungesaunafinder.com/arizona/tucson/fox-recovery-studio,https://plungesaunafinder.com/arizona/tucson/fox-recovery-studio
24 Hour Fitness,3633 Avocado Blvd,La Mesa,California,91941,32.746171,-116.961004,(619) 660-5024,https://www.24hourfitness.com/gyms/la-mesa-ca/rancho-san-diego-sport?Adb_id=GGL_LOC_ACQ_CDP,3.3,229,"Hot Tub, Infrared Sauna, Massage, Steam Room, Traditional Sauna",ChIJ25bB5D1a2YARlqCvze2QT48,"Traditional Sauna available in La Mesa, California. Day Pass available.",https://plungesaunafinder.com/california/la-mesa/24-hour-fitness-3633,https://plungesaunafinder.com/california/la-mesa/24-hour-fitness-3633
Fuchsia Spa La Encantada,2905 E Skyline Dr Suite 123,Tucson,Arizona,85718,32.3246058,-110.9302662,(520) 328-8769,https://fuchsiaspa.com/la-encantada/,4.8,920,"Infrared Sauna, Massage",ChIJb0x9QxJz1oYRsrhsa4FHRVc,"Infrared Sauna available in Tucson, Arizona. Membership available.",https://plungesaunafinder.com/arizona/tucson/fuchsia-spa-la-encantada,https://plungesaunafinder.com/arizona/tucson/fuchsia-spa-la-encantada
Johnson Legacy Center,6000 Cecil Fain Dr,Huntsville,Alabama,35810,34.7998729,-86.6103245,(256) 213-4552,https://www.huntsvilleal.gov/environment/parks-recreation/recreation/recreation-centers/johnson-legacy-center/,4.7,62,"Infrared Sauna, Massage, Traditional Sauna",ChIJqfGdKs5rYogRbr4bIeoiBts,"Traditional Sauna available in Huntsville, Alabama. Membership available.",https://plungesaunafinder.com/alabama/huntsville/johnson-legacy-center,https://plungesaunafinder.com/alabama/huntsville/johnson-legacy-center
24 Hour Fitness,21560 Valley Blvd,City of Industry,California,91789,34.0255314,-117.8357262,(909) 978-6046,https://www.24hourfitness.com/gyms/city-of-industry-ca/city-of-industry-sport?Adb_id=GGL_LOC_ACQ_CDP,4,441,"Hot Tub, Infrared Sauna, Massage, Steam Room, Traditional Sauna",ChIJgUfCp_Qrw4AR4e4OeVLoE9Q,"Traditional Sauna available in City of Industry, California. Day Pass available.",https://plungesaunafinder.com/california/city-of-industry/24-hour-fitness-21560,https://plungesaunafinder.com/california/city-of-industry/24-hour-fitness-21560
The Traveling Sauna,7514 Girard Ave Ste 1 #935,La Jolla,California,92037,32.8406889,-117.2728013,(858) 321-5543,https://thetravelingsauna.com/,5,26,"Cold Plunge, Float, Infrared Sauna, Traditional Sauna",ChIJdaWy9yUD3IARZyRcC5WDT8o,"Traditional Sauna available in La Jolla, California. Private Session available.",https://plungesaunafinder.com/california/la-jolla/the-traveling-sauna,https://plungesaunafinder.com/california/la-jolla/the-traveling-sauna
Chuze Fitness,2244 Foothill Blvd,La Verne,California,91750,34.1112693,-117.7631903,(909) 451-8792,https://chuzefitness.com/gym-locations/ca/la-verne/,4.5,263,"Hot Tub, Infrared Sauna, Massage, Steam Room, Traditional Sauna",ChIJk4eGHxcvw4ARz5kCRCvPDBg,"Traditional Sauna available in La Verne, California. Day Pass available.",https://plungesaunafinder.com/california/la-verne/chuze-fitness-2244,https://plungesaunafinder.com/california/la-verne/chuze-fitness-2244
Palm Beach Tan,4800 Whitesburg Dr Ste 2,Huntsville,Alabama,35801,34.6920197,-86.5701405,(256) 880-0182,https://palmbeachtan.com/locations/AL/Huntsville-Whitesburg-Drive/?utm_source=google_my_business&utm_medium=organic&utm_campaign=seo&utm_content=ALA009,4.3,209,"Infrared Sauna, Red Light Therapy, Halotherapy",ChIJCdcJOSUTYogRl-ltEqegOI8,"Infrared Sauna available in Huntsville, Alabama. Day Pass available.",https://plungesaunafinder.com/alabama/huntsville/palm-beach-tan-4800,https://plungesaunafinder.com/alabama/huntsville/palm-beach-tan-4800
Chuze Fitness,5500 Grossmont Center Dr,La Mesa,California,91942,32.7764938,-117.0114144,(619) 741-7600,https://chuzefitness.com/gym-locations/ca/la-mesa/,4.4,556,"Infrared Sauna, Massage",ChIJDz1qQhJX2YARMhCMJLL-skg,"Infrared Sauna available in La Mesa, California. Day Pass available.",https://plungesaunafinder.com/california/la-mesa/chuze-fitness-5500,https://plungesaunafinder.com/california/la-mesa/chuze-fitness-5500
"HOTWORX - Clovis, CA - Loma Vista",3780 Shaw Ave Suite 101,Clovis,California,93619,36.80803,-119.6378011,(559) 900-1515,https://www.hotworx.net/studio/clovis-loma-vista,5,22,Infrared Sauna,ChIJO5d1kQRblIARTZXJImRj-7U,"Infrared Sauna available in Clovis, California. Membership available.",https://plungesaunafinder.com/california/clovis/hotworx-clovis-ca-loma-vista,https://plungesaunafinder.com/california/clovis/hotworx-clovis-ca-loma-vista
"HOTWORX - Clovis, CA - Willow Station",1127 N Willow Ave Suite 108,Clovis,California,93611,36.8505126,-119.7281867,(559) 900-9679,https://www.hotworx.net/studio/clovis-willowstation,4.2,17,Infrared Sauna,ChIJ5UpAW-1dlIARJUjzTrEEGWI,"Infrared Sauna available in Clovis, California. Day Pass available.",https://plungesaunafinder.com/california/clovis/hotworx-clovis-ca-willow-station,https://plungesaunafinder.com/california/clovis/hotworx-clovis-ca-willow-station
"HOTWORX - La Verne, CA",1395 Foothill Blvd,La Verne,California,91750,34.1187907,-117.7772947,(909) 972-0433,https://www.hotworx.net/studio/la-verne,4.5,79,Infrared Sauna,ChIJFU4Y0Lgvw4ARcePx8B5_gUg,"Infrared Sauna available in La Verne, California. Day Pass available.",https://plungesaunafinder.com/california/la-verne/hotworx-la-verne-ca,https://plungesaunafinder.com/california/la-verne/hotworx-la-verne-ca
The Body Building,427 W Nees Ave #103,Clovis,California,93611,36.8525054,-119.7205664,(559) 500-1300,http://www.valleycryotherapy.com/,4.3,135,"Cryotherapy, Infrared Sauna, Massage, Float",ChIJ0f3ruMpclIARm8ZROioWZ7s,"Cryotherapy available in Clovis, California. Membership available.",https://plungesaunafinder.com/california/clovis/the-body-building,https://plungesaunafinder.com/california/clovis/the-body-building
ROHCT Wellness Bar,1800 S Milton Rd Suite 26,Flagstaff,Arizona,86001,35.1822485,-111.6600492,(928) 962-6444,https://www.rohct.com/,5,17,"Infrared Sauna, Cold Plunge, Red Light Therapy, Lymphatic Drainage, PEMF Therapy, Massage",ChIJ-XK1uPyPLYcRuRY8heKMMUU,"Infrared Sauna available in Flagstaff, Arizona. Day Pass available.",https://plungesaunafinder.com/arizona/flagstaff/rohct-wellness-bar-1800,https://plungesaunafinder.com/arizona/flagstaff/rohct-wellness-bar-1800
healing spirit soaks,1074 N Swan Rd,Tucson,Arizona,85711,32.235316,-110.8923161,(520) 344-3250,http://www.healingspiritsoaks.com/,4.9,50,"Hot Tub, Cold Plunge, Infrared Sauna, Massage",ChIJd71TFShv1oYRQzxKmU4Q6Ho,"Hot Tub available in Tucson, Arizona. Day Pass available.",https://plungesaunafinder.com/arizona/tucson/healing-spirit-soaks,https://plungesaunafinder.com/arizona/tucson/healing-spirit-soaks
iCRYO CRYOTHERAPY + iV THERAPY + BODY SCULPTING + RED LIGHT THERAPY,4730 E Indian School Rd Suite 111B,Phoenix,Arizona,85018,33.4950378,-111.9797692,(623) 294-5925,https://icryo.com/location/phoenix-az/,4.8,134,"Cryotherapy, Red Light Therapy, Infrared Sauna, Float",ChIJvceZQfwNK4cRNEfr3rRAhQs,"Cryotherapy available in Phoenix, Arizona. Day Pass available.",https://plungesaunafinder.com/arizona/phoenix/icryo-cryotherapy-iv-therapy-body-sculpting-red-light-therapy-arcadia,https://plungesaunafinder.com/arizona/phoenix/icryo-cryotherapy-iv-therapy-body-sculpting-red-light-therapy-arcadia
Genesis Natural Medicine Center,3920 N Campbell Ave,Tucson,Arizona,85719,32.2778149,-110.94328,(520) 495-4400,https://www.genesisnmc.com/,4.9,47,"Infrared Sauna, Massage",ChIJ00iRvy5y1oYRh3tDcFa6pl0,"Infrared Sauna available in Tucson, Arizona. Private Session available.",https://plungesaunafinder.com/arizona/tucson/genesis-natural-medicine-center,https://plungesaunafinder.com/arizona/tucson/genesis-natural-medicine-center
Swift Recovery,2722 Carl T Jones Dr SE Suite A2,Huntsville,Alabama,35802,34.6759002,-86.5478858,(256) 210-1810,https://www.swiftrecoveryhsv.com/,5,30,"Infrared Sauna, Cold Plunge, Cryotherapy, Red Light Therapy, Lymphatic Drainage, PEMF Therapy",ChIJ0wfvPJ0TYogRw17EH3BPFN4,"Infrared Sauna available in Huntsville, Alabama. Membership available.",https://plungesaunafinder.com/alabama/huntsville/swift-recovery,https://plungesaunafinder.com/alabama/huntsville/swift-recovery
SweatHouz Daly City Contrast Therapy Studio,37 Colma Blvd,Colma,California,94014,37.6779701,-122.4690904,(650) 540-9137,https://sweathouz.com/daly-city-book-now/,4.3,39,"Traditional Sauna, Cold Plunge, Red Light Therapy, Infrared Sauna, Massage",ChIJhbn_PkV7j4ARDcavpmN9LDc,"Traditional Sauna available in Colma, California. Private Session available.",https://plungesaunafinder.com/california/colma/sweathouz-daly-city-contrast-therapy-studio,https://plungesaunafinder.com/california/colma/sweathouz-daly-city-contrast-therapy-studio
Pure Balance,3608 W Southern Hills Blvd STE 4,Rogers,Arkansas,72758,36.2857654,-94.1622143,(479) 633-7052,https://www.purebalancemb.com/,4.8,32,"Infrared Sauna, Cold Plunge, Red Light Therapy, Massage",ChIJ7dR5kxURyYcRzAXvRzLMVW4,"Infrared Sauna available in Rogers, Arkansas. Private Session available.",https://plungesaunafinder.com/arkansas/rogers/pure-balance,https://plungesaunafinder.com/arkansas/rogers/pure-balance
Flourish Wellness,888 S Greenfield Rd #103,Gilbert,Arizona,85296,33.3345358,-111.739482,(602) 702-8695,http://flourishwellnessclub.com/,4.9,50,"Cold Plunge, Infrared Sauna, PEMF Therapy, Red Light Therapy, Traditional Sauna",ChIJkeGjwmipK4cRtTvx6k_XfZc,"Cold Plunge available in Gilbert, Arizona. Membership available.",https://plungesaunafinder.com/arizona/gilbert/flourish-wellness,https://plungesaunafinder.com/arizona/gilbert/flourish-wellness
Vitality Solace Suites,3315 Bob Wallace Ave SW #107,Huntsville,Alabama,35805,34.7119975,-86.6127966,(256) 385-8808,http://www.vitalitysolace.com/,5,29,"Halotherapy, Infrared Sauna, Red Light Therapy",ChIJ0e9EZ45sYogRLZZzloHbA6k,"Halotherapy available in Huntsville, Alabama. Private Session available.",https://plungesaunafinder.com/alabama/huntsville/vitality-solace-suites,https://plungesaunafinder.com/alabama/huntsville/vitality-solace-suites
Trifecta Mind Body Soul,15655 W Roosevelt St Ste 220,Goodyear,Arizona,85338,33.4556199,-112.3957087,(720) 530-3090,https://www.trifectahealthandwellness.com/,5,54,"Infrared Sauna, Red Light Therapy, Massage",ChIJ10qzL0o5K4cRgJLPEaBay2c,"Infrared Sauna available in Goodyear, Arizona. Private Session available.",https://plungesaunafinder.com/arizona/goodyear/trifecta-mind-body-soul,https://plungesaunafinder.com/arizona/goodyear/trifecta-mind-body-soul
"HOTWORX- Tucson, AZ - Speedway",3400 E Speedway Blvd #116,Tucson,Arizona,85716,32.2355791,-110.9203128,(520) 448-2552,https://www.hotworx.net/studio/tucsonspeedway,5,1,Infrared Sauna,ChIJEehfnplx1oYRqUBgBJJ-1EU,"Infrared Sauna available in Tucson, Arizona. Membership available.",https://plungesaunafinder.com/arizona/tucson/hotworx-tucson-az-speedway,https://plungesaunafinder.com/arizona/tucson/hotworx-tucson-az-speedway
24 Hour Fitness,200 Corporate Dr,Ladera Ranch,California,92694,33.559205,-117.628724,(949) 365-5000,https://www.24hourfitness.com/gyms/ladera-ranch-ca/ladera-ranch-sport?Adb_id=GGL_LOC_ACQ_CDP,4.1,175,"Hot Tub, Infrared Sauna, Massage, Steam Room, Traditional Sauna",ChIJBRLM2Mzt3IARYbcuGi-fDiA,"Traditional Sauna available in Ladera Ranch, California. Day Pass available.",https://plungesaunafinder.com/california/ladera-ranch/24-hour-fitness-200,https://plungesaunafinder.com/california/ladera-ranch/24-hour-fitness-200
Life Time,"381 E Warner Rd, Gilbert, AZ 85296",Gilbert,Arizona,85296,33.333739,-111.7828923,,https://www.lifetime.life/locations/az/gilbert.html?utm_source=google&utm_medium=local&utm_campaign=google-local-club,,,"Traditional Sauna, Cold Plunge",,,https://plungesaunafinder.com/arizona/gilbert/life-time-381,https://plungesaunafinder.com/arizona/gilbert/life-time-381
24 Hour Fitness,110 Towne Center Dr,Compton,California,90220,33.877801,-118.220994,(310) 735-9114,https://www.24hourfitness.com/gyms/compton-ca/compton-sport?Adb_id=GGL_LOC_ACQ_CDP,3.4,371,"Hot Tub, Infrared Sauna, Massage, Steam Room, Traditional Sauna",ChIJ7aYADU_LwoARUYq8jvrRm9I,"Traditional Sauna available in Compton, California. Day Pass available.",https://plungesaunafinder.com/california/compton/24-hour-fitness-vrrm9i,
"HOTWORX - Tucson, AZ - Williams Centre",5340 E Broadway Blvd,Tucson,Arizona,85711,32.2208987,-110.8789015,(520) 476-7264,https://www.hotworx.net/studio/tucson-williamscentre,4,44,"Infrared Sauna, Massage",ChIJZYhE0IRv1oYRMDuNvkfy7ag,"Infrared Sauna available in Tucson, Arizona. Day Pass available.",https://plungesaunafinder.com/arizona/tucson/hotworx-tucson-az-williams-centre,https://plungesaunafinder.com/arizona/tucson/hotworx-tucson-az-williams-centre
Jasper Wellness and Recovery,800 Hwy 78 E Ste 500,Jasper,Alabama,35501,33.8484439,-87.2655053,(256) 873-6104,https://jasperwellnessrecovery.com/,5,9,"Cold Plunge, Infrared Sauna, Traditional Sauna",ChIJlfotdABhiIgRm_bZpJyISEI,"Traditional Sauna available in Jasper, Alabama. ",https://plungesaunafinder.com/alabama/jasper/jasper-wellness-and-recovery,https://plungesaunafinder.com/alabama/jasper/jasper-wellness-and-recovery
Elevate Wellness Studio,3624 E Bell Rd D,Phoenix,Arizona,85032,33.6409663,-112.0038499,(623) 887-4226,https://www.elevatestudioaz.com/,5,29,"Cold Plunge, Infrared Sauna, Red Light Therapy, Massage",ChIJyTDc21NxK4cRFrVC3ymzXMs,"Cold Plunge available in Phoenix, Arizona. Private Session available.",https://plungesaunafinder.com/arizona/phoenix/elevate-wellness-studio,https://plungesaunafinder.com/arizona/phoenix/elevate-wellness-studio
Renewed Med Spa and Tanning,6070 W Behrend Dr Ste 139,Glendale,Arizona,85308,33.6666762,-112.1886587,(623) 561-9100,https://renewedspa.com/,4.8,219,"Infrared Sauna, Red Light Therapy, Massage, Cryotherapy, Float",ChIJGx5ALbF1K4cRqD73JI4Vs-Y,"Infrared Sauna available in Glendale, Arizona. Day Pass available.",https://plungesaunafinder.com/arizona/glendale/renewed-med-spa-and-tanning,https://plungesaunafinder.com/arizona/glendale/renewed-med-spa-and-tanning
Art Of Fitness,1080 S Coast Hwy,Laguna Beach,California,92651,33.5344565,-117.7770629,(949) 464-0202,http://www.artoffitnesslaguna.com/,3.9,25,Infrared Sauna,ChIJ16r6H67l3IARU86Pu124zKI,Traditional Sauna and Cold Plunge in Laguna Beach. Day Pass available. Day passes from $50.,https://plungesaunafinder.com/california/laguna-beach/art-of-fitness,https://plungesaunafinder.com/california/laguna-beach/art-of-fitness
VOUS Salon Retreat,3315 Bob Wallace Ave SW #207,Huntsville,Alabama,35805,34.7119636,-86.6127166,(256) 417-1862,http://www.voussalonretreat.com/,4.9,70,"Infrared Sauna, Halotherapy, Massage",ChIJ5z_FCuptYogRX_Sn6y3L3mE,"Infrared Sauna available in Huntsville, Alabama. ",https://plungesaunafinder.com/alabama/huntsville/vous-salon-retreat,https://plungesaunafinder.com/alabama/huntsville/vous-salon-retreat
Chuze Fitness,705 N Main St,Corona,California,92878,33.8906927,-117.5624753,(951) 808-3440,https://chuzefitness.com/gym-locations/ca/corona/,4.5,801,"Traditional Sauna, Infrared Sauna, Steam Room, Hot Tub, Massage",ChIJiaPfojzI3IARje4fWO1egTA,"Traditional Sauna available in Corona, California. Day Pass available.",https://plungesaunafinder.com/california/corona/chuze-fitness-705,https://plungesaunafinder.com/california/corona/chuze-fitness-705
Masaje Milagroso,Blvd. Salinas 10755-int-4,Tijuana,Baja California,22014,32.5144346,-117.0079731,+52 664 980 0675,https://masajemilagrosotijuana.com/,4.4,375,"Hot Tub, Infrared Sauna, Jacuzzi, Lymphatic Drainage, Massage, Traditional Sauna",ChIJaZmODRZI2YARC5oW97cMgF0,"Massage available in Tijuana, Baja California. Day Pass available.",https://plungesaunafinder.com/baja-california/tijuana/masaje-milagroso,https://plungesaunafinder.com/baja-california/tijuana/masaje-milagroso
24 Hour Fitness,275 Teller St STE 100,Corona,California,92879,33.883719,-117.522376,(951) 734-0121,https://www.24hourfitness.com/gyms/corona-ca/corona-sport?Adb_id=GGL_LOC_ACQ_CDP,3.9,545,"Hot Tub, Infrared Sauna, Massage, Steam Room, Traditional Sauna",ChIJFZ48vY233IARXljyBf2MbiI,"Traditional Sauna available in Corona, California. Day Pass available.",https://plungesaunafinder.com/california/corona/24-hour-fitness-275,https://plungesaunafinder.com/california/corona/24-hour-fitness-275
Float State,2785 Cabot Dr Ste 7-125,Corona,California,92883,33.8135467,-117.5081077,(951) 663-4888,https://www.floatstate.com/,4.9,424,"Massage, Cryotherapy, Infrared Sauna, Red Light Therapy, Halotherapy",ChIJw6BsYbK53IARO9bwNTRwpMs,"Massage available in Corona, California. Day Pass available.",https://plungesaunafinder.com/california/corona/float-state,https://plungesaunafinder.com/california/corona/float-state
LA Fitness,240 South Wilmot Road,Tucson,Arizona,85711,32.2189855,-110.8602396,,https://www.lafitness.com/Pages/clubhome.aspx?clubid=253&utm_source=google&utm_medium=googlemaps&utm_campaign=maps,,,Traditional Sauna,,,https://plungesaunafinder.com/arizona/tucson/la-fitness-gfgcry,https://plungesaunafinder.com/arizona/tucson/la-fitness-gfgcry
"HOTWORX - Madison, AL - Clift Farm",419 John Henry Way J,Madison,Alabama,35757,34.7523151,-86.7617773,(256) 325-2456,https://www.hotworx.net/studio/madison-cliftfarm/,4.5,51,Infrared Sauna,ChIJFVrtQWtnYogR0Tp4TUz6Eh4,"Infrared Sauna available in Madison, Alabama. Membership available.",https://plungesaunafinder.com/alabama/madison/hotworx-madison-al-clift-farm,https://plungesaunafinder.com/alabama/madison/hotworx-madison-al-clift-farm
Nesh Waxing & BodySculpting Bar LLC,685 E Grand Blvd,Corona,California,92879,33.8733276,-117.5583009,(951) 256-1216,https://neshwaxingca.zoca.com/?utm_source=googlemaps&utm_medium=googlemaps&utm_campaign=googlemaps,,,"Cold Plunge, Hot Tub, Infrared Sauna, Massage, Traditional Sauna",,"Traditional Sauna available in Corona, California. Private Session available.",https://plungesaunafinder.com/california/corona/nesh-waxing-bodysculpting-bar-llc,https://plungesaunafinder.com/california/corona/nesh-waxing-bodysculpting-bar-llc
Bylt Well,23561 Ridge Rte Dr M,Laguna Hills,California,92653,33.6225124,-117.7189065,(949) 229-0918,http://byltwell.com/,5,4,"Infrared Sauna, Cold Plunge, Red Light Therapy",ChIJ2Yx9P55PAHwRHmO-fVYnFQY,"Infrared Sauna available in Laguna Hills, California. Membership available.",https://plungesaunafinder.com/california/laguna-hills/bylt-well,https://plungesaunafinder.com/california/laguna-hills/bylt-well
Palm Beach Tan,"7690 Lee Highway, Hwy 72 W Ste 103",Madison,Alabama,35758,34.7555993,-86.7366483,(256) 430-1917,https://palmbeachtan.com/locations/AL/Madison-Highway-72-West/?utm_source=google_my_business&utm_medium=organic&utm_campaign=seo&utm_content=ALA010,4.1,152,"Infrared Sauna, Red Light Therapy, Halotherapy",ChIJ4z3P1wJvYogRQsyVZ7ok6t0,"Infrared Sauna available in Madison, AL. Day Pass available.",https://plungesaunafinder.com/alabama/madison/palm-beach-tan-7690,https://plungesaunafinder.com/alabama/madison/palm-beach-tan-7690
Revitalize Wellness Center,24980 N 83rd Ave #100,Peoria,Arizona,85383,33.7085907,-112.2371322,(602) 898-5665,https://www.rwcpeoria.com/,5,15,"Cold Plunge, Infrared Sauna, Red Light Therapy, Traditional Sauna",ChIJ87z-qJRdK4cRxPn7Y2nbtWc,"Traditional Sauna available in Peoria, Arizona. Membership available.",https://plungesaunafinder.com/arizona/peoria/revitalize-wellness-center,https://plungesaunafinder.com/arizona/peoria/revitalize-wellness-center
Aerth Saunas,312 Quebec St,Victoria,British Columbia,V8V 1W3,48.421598,-123.3754357,+1 778-977-0088,http://aerthsaunas.com/,5,25,"Cold Plunge, Infrared Sauna, Traditional Sauna",ChIJY3AlhsJ1j1QRxzK5TswUuJ0,"Traditional Sauna available in Victoria, British Columbia. Day Pass available.",https://plungesaunafinder.com/british-columbia/victoria/aerth-saunas,https://plungesaunafinder.com/british-columbia/victoria/aerth-saunas
clubDetox,27932 La Paz Rd Suite C,Laguna Niguel,California,92677,33.5573698,-117.7085457,(949) 484-4322,http://www.clubdetoxoc.com/,3,3,"Infrared Sauna, Massage",ChIJlWNuGBTv3IARcLndtzm05hQ,"Infrared Sauna available in Laguna Niguel, California. Membership available.",https://plungesaunafinder.com/california/laguna-niguel/clubdetox,https://plungesaunafinder.com/california/laguna-niguel/clubdetox
24 Hour Fitness,27921 La Paz Rd,Laguna Niguel,California,92677,33.5565012,-117.711699,(949) 614-1024,https://www.24hourfitness.com/gyms/laguna-niguel-ca/laguna-niguel-super-sport?Adb_id=GGL_LOC_ACQ_CDP,3.8,464,"Hot Tub, Infrared Sauna, Steam Room, Traditional Sauna",ChIJY1IxkBTv3IARk4KbzFROmiw,"Traditional Sauna available in Laguna Niguel, California. Day Pass available.",https://plungesaunafinder.com/california/laguna-niguel/24-hour-fitness-27921,https://plungesaunafinder.com/california/laguna-niguel/24-hour-fitness-27921
Levity Wellness Center,2272 E Speedway Blvd,Tucson,Arizona,85719,32.2355643,-110.9386375,(520) 339-6674,http://www.levityrising.com/,5,201,"Massage, Infrared Sauna, PEMF Therapy, Red Light Therapy",ChIJtWKQh3Jz1oYRDUye0SSJuX4,"Massage available in Tucson, Arizona. Day Pass available.",https://plungesaunafinder.com/arizona/tucson/levity-wellness-center,https://plungesaunafinder.com/arizona/tucson/levity-wellness-center
The Wellness Bar Cryotherapy,1674 N Higley Rd #105,Gilbert,Arizona,85234,33.3811673,-111.7242666,(480) 876-6432,http://www.thewellnessbaraz.com/,5,108,"Cryotherapy, Infrared Sauna, Halotherapy, Red Light Therapy, Float, Lymphatic Drainage",ChIJI9Gxe1avK4cRat7K-S0rtOg,"Cryotherapy available in Gilbert, Arizona. Day Pass available.",https://plungesaunafinder.com/arizona/gilbert/the-wellness-bar-cryotherapy,https://plungesaunafinder.com/arizona/gilbert/the-wellness-bar-cryotherapy
24 Hour Fitness,1870 Harbor Blvd Suite B4,Costa Mesa,California,92627,33.6428193,-117.9186145,(949) 610-0651,https://www.24hourfitness.com/gyms/costa-mesa-ca/costa-mesa-newport-super-sport?Adb_id=GGL_LOC_ACQ_CDP,4,461,"Hot Tub, Infrared Sauna, Massage, Steam Room, Traditional Sauna",ChIJeYWtkIjf3IAROXuL_MDoUEo,"Traditional Sauna available in Costa Mesa, California. Day Pass available.",https://plungesaunafinder.com/california/costa-mesa/24-hour-fitness-downtown,https://plungesaunafinder.com/california/costa-mesa/24-hour-fitness-downtown
Perspire Sauna Studio,28031 Greenfield Dr c,Laguna Niguel,California,92677,33.555732,-117.687737,(949) 446-8690,https://www.perspiresaunastudio.com/ca/laguna-niguel,4.7,175,Infrared Sauna,ChIJqc0o1_zu3IARAc8WguFWHuc,"Red Light Therapy available in Laguna Niguel, California. Day Pass available.",https://plungesaunafinder.com/california/laguna-niguel/perspire-sauna-studio-28031,https://plungesaunafinder.com/california/laguna-niguel/perspire-sauna-studio-28031
Tucson Cold Plunge,3017 E Speedway Blvd,Tucson,Arizona,85716,32.2364535,-110.9274372,(520) 217-2973,https://www.tucsoncoldplunge.com/,4.9,273,"Cold Plunge, Infrared Sauna, Hot Tub, Red Light Therapy",ChIJgQb_BTpx1oYRLC5Cfv4zt40,"Cold Plunge available in Tucson, Arizona. Day Pass available.",https://plungesaunafinder.com/arizona/tucson/tucson-cold-plunge,https://plungesaunafinder.com/arizona/tucson/tucson-cold-plunge
24 Hour Fitness,589 Anton Blvd,Costa Mesa,California,92626,33.688353,-117.879803,(714) 751-2724,https://www.24hourfitness.com/gyms/costa-mesa-ca/south-coast-metro-center-super-sport?Adb_id=GGL_LOC_ACQ_CDP,4.2,772,"Hot Tub, Infrared Sauna, Massage, Steam Room, Traditional Sauna",ChIJ9bHN7SDf3IARrHKATONE6SA,"Traditional Sauna available in Costa Mesa, California. Day Pass available.",https://plungesaunafinder.com/california/costa-mesa/24-hour-fitness-south-coast-metro,https://plungesaunafinder.com/california/costa-mesa/24-hour-fitness-south-coast-metro
Restore Hyper Wellness,"32341-32451, 32411 Golden Lantern Suite A",Laguna Niguel,California,92677,33.4917966,-117.6984757,(949) 312-2626,https://www.restore.com/locations/ca-laguna-niguel-ca001?utm_source=gmb&utm_medium=Yext&y_source=1_MzE2Mjk4MjItNzE1LWxvY2F0aW9uLndlYnNpdGU%3D,5,355,"Cryotherapy, Red Light Therapy, Infrared Sauna",ChIJFZgv2qnx3IARxMQutELnpnw,"Cryotherapy available in Laguna Niguel, California. Day Pass available.",https://plungesaunafinder.com/california/laguna-niguel/restore-hyper-wellness-32341-32451,https://plungesaunafinder.com/california/laguna-niguel/restore-hyper-wellness-32341-32451
Palm Beach Tan,8422 W Thunderbird Rd Suite 101,Peoria,Arizona,85381,33.6113371,-112.2403237,(623) 776-9122,https://palmbeachtan.com/locations/AZ/Peoria-West-Thunderbird-Road?utm_source=google_my_business&utm_medium=organic&utm_campaign=seo&utm_content=PHX008,3.7,93,"Infrared Sauna, Red Light Therapy, Halotherapy",ChIJY-n6dKuklVQRhVu9duPWcKU,"Infrared Sauna available in Peoria, Arizona. Day Pass available.",https://plungesaunafinder.com/arizona/peoria/palm-beach-tan-marketplace-at-thunderbird,https://plungesaunafinder.com/arizona/peoria/palm-beach-tan-marketplace-at-thunderbird
Newport Float Therapy,1525 Mesa Verde Dr E #110,Costa Mesa,California,92626,33.6697266,-117.9215221,(949) 327-4425,http://www.newportfloat.com/,4.9,204,"Float, Infrared Sauna, Cold Plunge, Red Light Therapy",ChIJtdzj2GPf3IARPzl1cgKeNjc,"Float available in Costa Mesa, California. Day Pass available.",https://plungesaunafinder.com/california/costa-mesa/newport-float-therapy,https://plungesaunafinder.com/california/costa-mesa/newport-float-therapy
"HOTWORX - Montgomery, AL - Peppertree",7252 Halcyon Park Dr,Montgomery,Alabama,36117,32.3397476,-86.1740113,(334) 440-8111,https://www.hotworx.net/,4.2,41,Infrared Sauna,ChIJTzcd3aAtjIgRqTB6HAFfojM,"Infrared Sauna available in Montgomery, Alabama. Membership available.",https://plungesaunafinder.com/alabama/montgomery/hotworx-montgomery-al-peppertree,https://plungesaunafinder.com/alabama/montgomery/hotworx-montgomery-al-peppertree
24 Hour Fitness,26781 Rancho Pkwy,Lake Forest,California,92630,33.672128,-117.663744,(949) 830-4213,https://www.24hourfitness.com/gyms/lake-forest-ca/foothill-ranch-sport?Adb_id=GGL_LOC_ACQ_CDP,4.2,341,"Hot Tub, Infrared Sauna, Massage, Steam Room, Traditional Sauna",ChIJpTNOHuHp3IARZYgvNcHWAbY,"Traditional Sauna available in Lake Forest, California. Day Pass available.",https://plungesaunafinder.com/california/lake-forest/24-hour-fitness-26781,https://plungesaunafinder.com/california/lake-forest/24-hour-fitness-26781
Alameda Infrared Sauna Store,1201 Marina Village Pkwy,Alameda,California,94501,37.7853956,-122.2738071,(510) 945-1637,http://formanest.online/,4.5,8,Infrared Sauna,ChIJO6IiHYeBj4ARDjDWnsvgLes,"wellness services available in Alameda, California. ",https://plungesaunafinder.com/california/alameda/alameda-infrared-sauna-store,
Tucson Pool & Spa,170 N Harrison Rd,Tucson,Arizona,85748,32.2225897,-110.7891685,(520) 296-0993,http://tucsonpool.com/,4.4,153,"Cold Plunge, Hot Tub, Infrared Sauna, Traditional Sauna",ChIJJ2_Kpbxo1oYRne_Xqyf5Jbo,"Hot Tub available in Tucson, Arizona. ",https://plungesaunafinder.com/arizona/tucson/tucson-pool-spa,https://plungesaunafinder.com/arizona/tucson/tucson-pool-spa
RESONANCE MARIN,"RESONANCE MARIN, 26 Tamalpais Dr",Corte Madera,California,94925,37.9262279,-122.5287621,(415) 891-3328,http://www.resonancemarin.com/,4.6,35,"Infrared Sauna, Massage, Red Light Therapy",ChIJo-TXRReahYARN421XJ8CqKM,"Infrared Sauna available in Corte Madera, California. Private Session available.",https://plungesaunafinder.com/california/corte-madera/resonance-marin,https://plungesaunafinder.com/california/corte-madera/resonance-marin
Tucson Sports Recovery & Massage,7000 E Tanque Verde Rd Suite 7,Tucson,Arizona,85715,32.2503689,-110.8420632,(520) 214-6434,https://www.tucsonsportsrecovery.com/,5,171,"Cold Plunge, Infrared Sauna, Massage, Lymphatic Drainage, Red Light Therapy",ChIJ25_lvddv1oYRnELrRfJsEJY,"Cold Plunge available in Tucson, Arizona. Day Pass available.",https://plungesaunafinder.com/arizona/tucson/tucson-sports-recovery-massage,https://plungesaunafinder.com/arizona/tucson/tucson-sports-recovery-massage
MOXI3,126 Rochester St,Costa Mesa,California,92627,33.6390816,-117.9191828,(949) 392-8673,https://moxi3.com/,4.8,681,"Infrared Sauna, Cold Plunge",ChIJQRtyvLXf3IAR6LzmcJ5Tvk0,"Infrared Sauna available in Costa Mesa, California. Day Pass available.",https://plungesaunafinder.com/california/costa-mesa/moxi3,https://plungesaunafinder.com/california/costa-mesa/moxi3
Rise Bodyworks,1226 Park St,Alameda,California,94501,37.7615397,-122.2449123,(510) 263-9162,http://risebodyworks.com/,4.6,70,"Cold Plunge, Infrared Sauna, Massage, Traditional Sauna",ChIJhdW_kS2Bj4ARdtIva-6PDpg,"Traditional Sauna available in Alameda, California. Membership available.",https://plungesaunafinder.com/california/alameda/rise-bodyworks,https://plungesaunafinder.com/california/alameda/rise-bodyworks
Arctic Restore - Cryo Health Spa,3235 Danville Blvd,Alamo,California,94507,37.847957,-122.0320069,(925) 690-2033,https://www.arcticrestore.com/,5,61,"Cryotherapy, Infrared Sauna, PEMF Therapy, Red Light Therapy, Massage, Lymphatic Drainage",ChIJ7Y3u-gOLj4ARXN7zx20TMvE,"Cryotherapy available in Alamo, California. Membership available.",https://plungesaunafinder.com/california/alamo/arctic-restore-cryo-health-spa,https://plungesaunafinder.com/california/alamo/arctic-restore-cryo-health-spa
M.A. Fitness Center,209 Madison Ave,Montgomery,Alabama,36104,32.3801524,-86.3057969,(334) 244-4640,https://www.mafitnessmgm.com/,4.2,172,"Infrared Sauna, Traditional Sauna",ChIJjbVbDJkqjIgRfMZzAw-Xzeo,"Traditional Sauna available in Montgomery, Alabama. Day Pass available.",https://plungesaunafinder.com/alabama/montgomery/m-a-fitness-center,https://plungesaunafinder.com/alabama/montgomery/m-a-fitness-center
Pure Sweat Spa,1907 E Williams Field Rd #105,Gilbert,Arizona,85295,33.3061537,-111.7487136,(480) 636-7676,http://puresweatspa.com/,5,171,"Infrared Sauna, Cold Plunge",ChIJl9_lhdytK4cRjkQ6wd0cG30,"Infrared Sauna available in Gilbert, Arizona. Membership available.",https://plungesaunafinder.com/arizona/gilbert/pure-sweat-spa,https://plungesaunafinder.com/arizona/gilbert/pure-sweat-spa
Perspire Sauna Studio,488 E 17th St a103,Costa Mesa,California,92627,33.629045,-117.908793,(949) 722-1264,https://www.perspiresaunastudio.com/ca/costa-mesa/,4.8,182,"Cold Plunge, Halotherapy, Infrared Sauna, Red Light Therapy",ChIJK3n57e7f3IARwX8Te34UNTk,"Red Light Therapy available in Costa Mesa, California. Day Pass available.",https://plungesaunafinder.com/california/costa-mesa/perspire-sauna-studio-east-side-costa-mesa,https://plungesaunafinder.com/california/costa-mesa/perspire-sauna-studio-east-side-costa-mesa
Workout Anytime Madera Village,9115 E Tanque Verde Rd Ste 7,Tucson,Arizona,85749,32.259403,-110.7977337,(520) 276-4265,https://workoutanytime.com/madera-village,5,140,"Infrared Sauna, Cold Plunge, Massage, Red Light Therapy",ChIJC0fUyeZp1oYRdUpDWQtE7d4,"Infrared Sauna available in Tucson, Arizona. Membership available.",https://plungesaunafinder.com/arizona/tucson/workout-anytime-madera-village,https://plungesaunafinder.com/arizona/tucson/workout-anytime-madera-village
Nourish Osteo & Wellness,1225 Solano Ave Suite B,Albany,California,94706,37.8906801,-122.2952078,(510) 397-9457,https://www.nourishosteo.com/osteopathy,5,12,"Infrared Sauna, Massage",ChIJi1UNdzV5hYARsq3SUY4KVbg,"Infrared Sauna available in Albany, California. Day Pass available.",https://plungesaunafinder.com/california/albany/nourish-osteo-wellness,https://plungesaunafinder.com/california/albany/nourish-osteo-wellness
Active Bodyworx - Massage & Wellness,8561 E Anderson Dr #109,Scottsdale,Arizona,85255,33.6429028,-111.8949167,(480) 219-0590,https://activebodyworx.com/,4.9,32,"Cold Plunge, Infrared Sauna, Massage, PEMF Therapy, Red Light Therapy",ChIJ9T8XKOh1K4cRqGTb4jEHjus,"Cold Plunge available in Scottsdale, Arizona. Private Session available.",https://plungesaunafinder.com/arizona/scottsdale/active-bodyworx-massage-wellness,https://plungesaunafinder.com/arizona/scottsdale/active-bodyworx-massage-wellness
Perspire Sauna Studio Headquarters,129 Cabrillo St # 200,Costa Mesa,California,92627,33.6377476,-117.9199344,,https://perspiresaunastudio.com/,5,1,"Infrared Sauna, Red Light Therapy, Halotherapy, Cold Plunge",ChIJp6PV7C8h3YARoVdIx1FsjtA,"Infrared Sauna available in Costa Mesa, California. Day Pass available.",https://plungesaunafinder.com/california/costa-mesa/perspire-sauna-studio-headquarters,https://plungesaunafinder.com/california/costa-mesa/perspire-sauna-studio-headquarters
Palm Beach Tan,4025 Atlanta Hwy,Montgomery,Alabama,36109,32.3834439,-86.2426703,(334) 213-0987,https://palmbeachtan.com/locations/AL/Montgomery-Atlanta-Highway/?utm_source=google_my_business&utm_medium=organic&utm_campaign=seo&utm_content=ALA206,4.5,94,"Infrared Sauna, Red Light Therapy, Halotherapy",ChIJeXooTRoqjIgREmKYQIQEk6Y,"Infrared Sauna available in Montgomery, Alabama. Day Pass available.",https://plungesaunafinder.com/alabama/montgomery/palm-beach-tan-iqek6y,https://plungesaunafinder.com/alabama/montgomery/palm-beach-tan-iqek6y
Revive Wellness & Recovery,3107 S 4th Ave Ste B,Yuma,Arizona,85364,32.6726826,-114.623979,(928) 955-0016,https://revivewellnessrecovery.com/,,,"Infrared Sauna, Cold Plunge, Red Light Therapy, PEMF Therapy, Massage, Lymphatic Drainage",,"Infrared Sauna available in Yuma, Arizona. Membership available.",https://plungesaunafinder.com/arizona/yuma/revive-wellness-recovery,https://plungesaunafinder.com/arizona/yuma/revive-wellness-recovery
Orange Beach Adult Fitness Center,4847 Wilson Blvd,Orange Beach,Alabama,36561,30.2955372,-87.5606889,(251) 981-6028,https://www.orangebeachal.gov/469/Adult-Fitness-Center,4.9,7,"Infrared Sauna, Traditional Sauna",ChIJgcnyB6MHmogRlNuBBs_nP9k,"Traditional Sauna available in Orange Beach, Alabama. Membership available.",https://plungesaunafinder.com/alabama/orange-beach/orange-beach-adult-fitness-center,https://plungesaunafinder.com/alabama/orange-beach/orange-beach-adult-fitness-center
Spectrum Wellness Solutions - Holistic Light Therapy & Longevity Center,23672 Birtcher Dr Suite B,Lake Forest,California,92630,33.633077,-117.717321,(949) 373-3100,http://www.spectrumwellnessoc.com/,4.9,56,"Infrared Sauna, Red Light Therapy, Massage, PEMF Therapy",ChIJi7iKwRnn3IAR2gIKrK34Urw,"Infrared Sauna available in Lake Forest, California. Private Session available.",https://plungesaunafinder.com/california/lake-forest/spectrum-wellness-solutions-holistic-light-therapy-longevity-center,https://plungesaunafinder.com/california/lake-forest/spectrum-wellness-solutions-holistic-light-therapy-longevity-center
Perspire Sauna Studio,21582 Ellsworth Lp Rd Suite 114,Queen Creek,Arizona,85142,33.2523337,-111.6382415,(480) 808-3330,https://www.perspiresaunastudio.com/queen-creek,5,28,"Cold Plunge, Float, Halotherapy, Infrared Sauna, Red Light Therapy",ChIJveuVC65NKocRKjkRKeIu2AU,"Red Light Therapy available in Queen Creek, Arizona. Day Pass available.",https://plungesaunafinder.com/arizona/queen-creek/perspire-sauna-studio-21582,https://plungesaunafinder.com/arizona/queen-creek/perspire-sauna-studio-21582
Saunatica Sauna Studio,179 E 17th St E,Costa Mesa,California,92627,33.6351229,-117.9206101,(949) 867-4055,https://www.saunatica.com/,5,46,"Infrared Sauna, Halotherapy, Red Light Therapy",ChIJXRcAcuHf3IARi8U0tw8S4_Y,"Infrared Sauna available in Costa Mesa, California. Day Pass available.",https://plungesaunafinder.com/california/costa-mesa/saunatica-sauna-studio,https://plungesaunafinder.com/california/costa-mesa/saunatica-sauna-studio
Desert Oasis Wellness of Yuma,1700 S 1st Ave suite 202,Yuma,Arizona,85364,32.6963597,-114.6210065,(928) 390-3636,https://www.desertoasisyuma.com/,5,19,"Cold Plunge, Infrared Sauna, Red Light Therapy, Float",ChIJoUkxGFH31oARiU-bxch9i-Q,"Cold Plunge available in Yuma, Arizona. Private Session available.",https://plungesaunafinder.com/arizona/yuma/desert-oasis-wellness-of-yuma,https://plungesaunafinder.com/arizona/yuma/desert-oasis-wellness-of-yuma
Yoga Cold Bath,3820 W Happy Valley Rd Suite C-143,Glendale,Arizona,85310,33.7142616,-112.1417803,(602) 449-0888,http://yogacoldbath.com/,5,30,"Cold Plunge, Infrared Sauna, Red Light Therapy, Traditional Sauna",ChIJW3BOhtxlK4cRiprOKIEG59c,"Cold Plunge available in Glendale, Arizona. Day Pass available.",https://plungesaunafinder.com/arizona/glendale/yoga-cold-bath,https://plungesaunafinder.com/arizona/glendale/yoga-cold-bath
Thera-RED,22600 Lambert St suite 1503 building H,Lake Forest,California,92630,33.6360657,-117.7154674,(949) 338-7670,https://www.thera-red.com/,5,74,"Infrared Sauna, Red Light Therapy, PEMF Therapy",ChIJr9WcA_Dp3IARB12WxKEo8QA,"Infrared Sauna available in Lake Forest, California. Membership available.",https://plungesaunafinder.com/california/lake-forest/thera-red-22600,https://plungesaunafinder.com/california/lake-forest/thera-red-22600
LA Fitness,29400 Portola Parkway,Lake Forest,California,92630,33.6608893,-117.6542268,,https://www.lafitness.com/Pages/clubhome.aspx?clubid=96&utm_source=google&utm_medium=googlemaps&utm_campaign=maps,,,Traditional Sauna,,,https://plungesaunafinder.com/california/lake-forest/la-fitness-eu42bg,https://plungesaunafinder.com/california/lake-forest/la-fitness-eu42bg
MaxRelax SPA,23646 Rockfield Blvd,Lake Forest,California,92630,33.6294042,-117.7175015,(949) 668-1888,https://maxrelaxspa.com/,4.3,77,"Infrared Sauna, Massage",ChIJ-QFLWmbo3IARp7vcWu5VfPg,"Infrared Sauna available in Lake Forest, California. Day Pass available.",https://plungesaunafinder.com/california/lake-forest/maxrelax-spa,https://plungesaunafinder.com/california/lake-forest/maxrelax-spa
The 12 - Newport Mesa,140 E 17th St,Costa Mesa,California,92627,33.6372642,-117.9201049,(949) 200-9499,http://www.the12.com/,4.9,336,"Infrared Sauna, Cold Plunge, Massage",ChIJxwYnl4vf3IARvpYoB5R2TCY,"Infrared Sauna available in Costa Mesa, California. Membership available.",https://plungesaunafinder.com/california/costa-mesa/the-12-newport-mesa,https://plungesaunafinder.com/california/costa-mesa/the-12-newport-mesa
Sweat Infrared Sauna Studio,1046 Willow Creek Rd,Prescott,Arizona,86301,34.5625513,-112.484054,(928) 499-8658,http://www.sweatinfraredsauna.com/,4.6,53,"Infrared Sauna, Cold Plunge",ChIJVTpO0zUvLYcRHlZklQN11lI,"Infrared Sauna available in Prescott, Arizona. Membership available.",https://plungesaunafinder.com/arizona/prescott/sweat-infrared-sauna-studio,https://plungesaunafinder.com/arizona/prescott/sweat-infrared-sauna-studio
Perspire Sauna Studio,4865 S Higley Rd,Gilbert,Arizona,85298,33.2620473,-111.7198712,(480) 596-4555,https://www.perspiresaunastudio.com/az/south-gilbert/,4.9,133,"Cold Plunge, Halotherapy, Infrared Sauna, Red Light Therapy",ChIJsQpriGatK4cRCNHmMIc22TQ,"Red Light Therapy available in Gilbert, Arizona. Day Pass available.",https://plungesaunafinder.com/arizona/gilbert/perspire-sauna-studio-higley-village,https://plungesaunafinder.com/arizona/gilbert/perspire-sauna-studio-higley-village
24 Hour Fitness,2180 Lincoln Ave Bldg 4,Altadena,California,91001,34.1831571,-118.1595539,(626) 296-8700,https://www.24hourfitness.com/gyms/altadena-ca/altadena-sport?Adb_id=GGL_LOC_ACQ_CDP,4,495,"Hot Tub, Infrared Sauna, Massage, Steam Room, Traditional Sauna",ChIJU_w31vfCwoARaBUDHiuLIHA,"Traditional Sauna available in Altadena, California. Day Pass available.",https://plungesaunafinder.com/california/altadena/24-hour-fitness-2180,https://plungesaunafinder.com/california/altadena/24-hour-fitness-2180
Wellevate Lounge,740 W 16th St,Costa Mesa,California,92627,33.6328687,-117.9294312,(949) 275-7930,https://www.wellevatelounge.com/,5,178,"Infrared Sauna, Cold Plunge, Red Light Therapy, Halotherapy",ChIJRboLKqQh3YARxnGBSqoef5s,"Infrared Sauna available in Costa Mesa, California. Day Pass available.",https://plungesaunafinder.com/california/costa-mesa/wellevate-lounge,https://plungesaunafinder.com/california/costa-mesa/wellevate-lounge
The Regimen Club,11593 S Fortuna Rd Suite B,Yuma,Arizona,85367,32.6613826,-114.4432728,(928) 342-8750,https://www.theregimenclub.com/,5,73,"Infrared Sauna, Cold Plunge, Red Light Therapy, PEMF Therapy, Massage",ChIJkXNoV1Vh1oAR88EwIbk3MQc,"Infrared Sauna available in Yuma, Arizona. Membership available.",https://plungesaunafinder.com/arizona/yuma/the-regimen-club,https://plungesaunafinder.com/arizona/yuma/the-regimen-club
24 Hour Fitness,4821 Del Amo Blvd,Lakewood,California,90712,33.8474512,-118.1364,(562) 630-2668,https://www.24hourfitness.com/gyms/lakewood-ca/lakewood-super-sport?Adb_id=GGL_LOC_ACQ_CDP,3,397,"Hot Tub, Infrared Sauna, Steam Room, Traditional Sauna",ChIJQcgJgPMy3YARDHIH7d8-FDM,"Traditional Sauna available in Lakewood, California. Membership available.",https://plungesaunafinder.com/california/lakewood/24-hour-fitness-4821,https://plungesaunafinder.com/california/lakewood/24-hour-fitness-4821
A Valley of Vitality Wellness Studio,2074 Willow Creek Rd,Prescott,Arizona,86301,34.5785824,-112.4832313,(928) 442-6026,https://www.avalleyofvitality.com/,4.9,422,"Infrared Sauna, Massage, Halotherapy",ChIJy7I8BOQuLYcRc6qG2CUwnmg,"Infrared Sauna available in Prescott, Arizona. Day Pass available.",https://plungesaunafinder.com/arizona/prescott/a-valley-of-vitality-wellness-studio,https://plungesaunafinder.com/arizona/prescott/a-valley-of-vitality-wellness-studio
Pulse Premier Fitness - Benton,1214B Military Rd,Benton,Arkansas,72015,34.5758912,-92.5792577,(501) 214-0451,http://pulsepremierfitness.com/,4.1,152,"Infrared Sauna, Massage, Traditional Sauna",ChIJ49GOvqVXzYcR4j39WJ1i5NM,"Traditional Sauna available in Benton, Arkansas. Day Pass available.",https://plungesaunafinder.com/arkansas/benton/pulse-premier-fitness-benton,https://plungesaunafinder.com/arkansas/benton/pulse-premier-fitness-benton
The Bar Fitness-Gym and Spa for Women,22245 AL-59,Robertsdale,Alabama,36567,30.5490563,-87.7093757,(251) 550-9494,http://www.thebar4women.com/,5,28,"Infrared Sauna, Massage",ChIJqzgUEKBtmogRLgI9m2vOMZQ,"Infrared Sauna available in Robertsdale, Alabama. Day Pass available.",https://plungesaunafinder.com/alabama/robertsdale/the-bar-fitness-gym-and-spa-for-women,https://plungesaunafinder.com/alabama/robertsdale/the-bar-fitness-gym-and-spa-for-women
24 Hour Fitness,1430 N Lemon St,Anaheim,California,92801,33.855424,-117.918941,(714) 525-9924,https://www.24hourfitness.com/gyms/anaheim-ca/anaheim-gateway-sport?Adb_id=GGL_LOC_ACQ_CDP,3.5,718,"Hot Tub, Infrared Sauna, Massage, Steam Room, Traditional Sauna",ChIJtVy-_wPW3IARzjb1ZK6jzkk,"Traditional Sauna available in Anaheim, California. Day Pass available.",https://plungesaunafinder.com/california/anaheim/24-hour-fitness-northeast-anaheim,https://plungesaunafinder.com/california/anaheim/24-hour-fitness-northeast-anaheim
Chuze Fitness,8017 Atlantic Ave,Cudahy,California,90201,33.9615173,-118.1875,(323) 743-8049,https://chuzefitness.com/gym-locations/ca/cudahy/,4.3,843,"Hot Tub, Infrared Sauna, Massage, Steam Room, Traditional Sauna",ChIJKQrkPKHOwoARA5BFu_FGwgs,"Traditional Sauna available in Cudahy, California. Day Pass available.",https://plungesaunafinder.com/california/cudahy/chuze-fitness-8017,https://plungesaunafinder.com/california/cudahy/chuze-fitness-8017
E3 Cryo & Wellness Center,4961 W Bell Rd Suite B5,Glendale,Arizona,85308,33.6377112,-112.1680779,(602) 899-2796,http://www.e3cryo.com/,5,185,"Cryotherapy, Float, Halotherapy, Infrared Sauna, Lymphatic Drainage, Massage, Red Light Therapy, Salt Room",ChIJ_drhiZ9vK4cR_BnwXwEs7dU,"Cryotherapy available in Glendale, Arizona. Day Pass available.",https://plungesaunafinder.com/arizona/glendale/e3-cryo-wellness-center,https://plungesaunafinder.com/arizona/glendale/e3-cryo-wellness-center
"HOTWORX - Trussville, AL",106 S Chalkville Rd,Trussville,Alabama,35173,33.6190366,-86.6083963,(205) 767-6767,https://www.hotworx.net/studio/trussville/,4.3,24,Infrared Sauna,ChIJE6p3_y0NiYgRhHs7Kt4xfeo,"Infrared Sauna available in Trussville, Alabama. Membership available.",https://plungesaunafinder.com/alabama/trussville/hotworx-trussville-al,https://plungesaunafinder.com/alabama/trussville/hotworx-trussville-al
24 Hour Fitness,2650 Kitty Hawk Rd,Livermore,California,94551,37.6993881,-121.8144956,(925) 447-4496,https://www.24hourfitness.com/gyms/livermore-ca/livermore-super-sport?Adb_id=GGL_LOC_ACQ_CDP,4.1,713,"Hot Tub, Infrared Sauna, Massage, Steam Room, Traditional Sauna",ChIJXbQA8Jzoj4ARNZE_sE8NBrw,"Traditional Sauna available in Livermore, California. Day Pass available.",https://plungesaunafinder.com/california/livermore/24-hour-fitness-2650,https://plungesaunafinder.com/california/livermore/24-hour-fitness-2650
24 Hour Fitness,300 S Festival Dr,Anaheim,California,92808,33.864609,-117.749524,(714) 637-4262,https://www.24hourfitness.com/gyms/anaheim-ca/anaheim-hills-sport?Adb_id=GGL_LOC_ACQ_CDP,4.1,285,"Hot Tub, Infrared Sauna, Massage, Steam Room, Traditional Sauna",ChIJvX6muc3R3IARJ5GQf7zN1KA,"Traditional Sauna available in Anaheim, California. Day Pass available.",https://plungesaunafinder.com/california/anaheim/24-hour-fitness-anaheim-hills,https://plungesaunafinder.com/california/anaheim/24-hour-fitness-anaheim-hills
C-Suites: Sauna and Plunge,1101 S Walton Blvd Suite 7,Bentonville,Arkansas,72712,36.3596099,-94.2151767,(479) 506-7929,https://c-suitesaunas.com/,5,69,"Infrared Sauna, Cold Plunge, Red Light Therapy",ChIJVyMiEi4RyYcRa7JqPCmAOmw,"Infrared Sauna available in Bentonville, Arkansas. Day Pass available.",https://plungesaunafinder.com/arkansas/bentonville/c-suites-sauna-and-plunge,https://plungesaunafinder.com/arkansas/bentonville/c-suites-sauna-and-plunge
Coldfront,5791 E State Rte 69 Ste 105,Prescott Valley,Arizona,86314,34.5782115,-112.3624471,(928) 778-7029,https://www.coldfront.com/,3.4,40,"Cold Plunge, Infrared Sauna",ChIJpZ9Q9NolLYcRLo9r46G_kEs,"Cold Plunge available in Prescott Valley, Arizona. Day Pass available.",https://plungesaunafinder.com/arizona/prescott-valley/coldfront,https://plungesaunafinder.com/arizona/prescott-valley/coldfront
"The Body Shop Health Club, Inc.",1140 N Lemoore Ave,Lemoore,California,93245,36.3143285,-119.7793815,(559) 924-2334,http://www.thebodyshophealthclub.com/,4.4,106,"Infrared Sauna, Traditional Sauna",ChIJs1Z2kaHAlIARf1viy5K2J2U,"Traditional Sauna available in Lemoore, California. Membership available.",https://plungesaunafinder.com/california/lemoore/the-body-shop-health-club-inc,https://plungesaunafinder.com/california/lemoore/the-body-shop-health-club-inc
Saline Performance + Wellness Center,1000 AR-35 | Suite 9,Benton,Arkansas,72019,34.5730994,-92.5924112,(501) 672-0746,https://www.salineperformance.com/,5,25,"Infrared Sauna, Red Light Therapy, Massage, Lymphatic Drainage",ChIJ53NRDLZRzYcREo953JvHPms,"Infrared Sauna available in Benton, Arkansas. Day Pass available.",https://plungesaunafinder.com/arkansas/benton/saline-performance-wellness-center,https://plungesaunafinder.com/arkansas/benton/saline-performance-wellness-center
Light Wave Sauna Studio,1628 Holmes St,Livermore,California,94550,37.6614725,-121.7781645,(925) 488-1551,https://lightwavesaunastudio.com/,5,9,"Infrared Sauna, Cold Plunge, Red Light Therapy",ChIJrRIWLKznj4AR9i0nerPYKfA,"Infrared Sauna available in Livermore, California. Membership available.",https://plungesaunafinder.com/california/livermore/light-wave-sauna-studio,https://plungesaunafinder.com/california/livermore/light-wave-sauna-studio
Oxygen Wellness & Physical Therapy,20265 N 59th Ave b1,Glendale,Arizona,85308,33.6704574,-112.1848578,(602) 888-7992,http://oxygenaz.com/,5,127,"Cryotherapy, Infrared Sauna, Red Light Therapy, Massage",ChIJIbfQ1TdpK4cR4C8FsX449bE,"Cryotherapy available in Glendale, Arizona. Membership available.",https://plungesaunafinder.com/arizona/glendale/oxygen-wellness-physical-therapy,https://plungesaunafinder.com/arizona/glendale/oxygen-wellness-physical-therapy
Red Light Method,1400 SE Walton Blvd,Bentonville,Arkansas,72712,36.3338224,-94.1914596,(479) 721-2206,https://redlightmethod.com/?utm_source=google&utm_medium=organic&utm_campaign=gbp-website-link,5,432,"Infrared Sauna, Red Light Therapy, PEMF Therapy",ChIJVZ5vOhgRyYcRWMQUuB87j_I,"Infrared Sauna available in Bentonville, Arkansas. ",https://plungesaunafinder.com/arkansas/bentonville/red-light-method-1400,https://plungesaunafinder.com/arkansas/bentonville/red-light-method-1400
Chuze Fitness,9851 Walker St,Cypress,California,90630,33.818905,-118.0377417,(657) 214-5625,https://chuzefitness.com/gym-locations/ca/cypress/,4.6,456,Infrared Sauna,ChIJ4689hrwu3YAR3_LW3yoOj-A,"Infrared Sauna available in Cypress, California. Day Pass available.",https://plungesaunafinder.com/california/cypress/chuze-fitness-9851,https://plungesaunafinder.com/california/cypress/chuze-fitness-9851
Balance and Bliss Day Spa ( Formerly Shalee's Day Spa & Skin Care),1102 S Pine St suite 8,Cabot,Arkansas,72023,34.9548366,-92.0092817,(501) 941-2321,http://balanceandblissdayspa.com/,4.9,165,"Infrared Sauna, Red Light Therapy, Massage",ChIJ_bBV7j_v0ocRLDbBjA6WnWM,"Infrared Sauna available in Cabot, Arkansas. Private Session available.",https://plungesaunafinder.com/arkansas/cabot/balance-and-bliss-day-spa-formerly-shalee-s-day-spa-skin-care,https://plungesaunafinder.com/arkansas/cabot/balance-and-bliss-day-spa-formerly-shalee-s-day-spa-skin-care
Restore Detox and Wellness Center,4365 E Pecos Rd Ste 131,Gilbert,Arizona,85295,33.2888641,-111.6948272,(480) 825-5663,http://restoredetoxandwellness.com/,4.9,126,"Cold Plunge, Infrared Sauna, Red Light Therapy, Lymphatic Drainage, Massage",ChIJa2w0u6tTKocRohGqcHgmkLk,"Cold Plunge available in Gilbert, Arizona. Private Session available.",https://plungesaunafinder.com/arizona/gilbert/restore-detox-and-wellness-center,https://plungesaunafinder.com/arizona/gilbert/restore-detox-and-wellness-center
"HOTWORX - Tuscaloosa, AL - University Blvd",1306 University Blvd suite d,Tuscaloosa,Alabama,35401,33.2113444,-87.5548481,(205) 710-7475,https://www.hotworx.net/studio/tuscaloosa-universityblvd,4.3,23,Infrared Sauna,ChIJ4YVJCRADhogRFcMnNxagngQ,"Infrared Sauna available in Tuscaloosa, Alabama. Day Pass available.",https://plungesaunafinder.com/alabama/tuscaloosa/hotworx-tuscaloosa-al-university-blvd,https://plungesaunafinder.com/alabama/tuscaloosa/hotworx-tuscaloosa-al-university-blvd
"HOTWORX - Anaheim, CA - Anaheim Hills Festival",8086 E Santa Ana Canyon Rd,Anaheim,California,92808,33.8664143,-117.7508556,(714) 363-7818,https://www.hotworx.net/studio/anaheim-anaheimhillsfestival,5,13,"Infrared Sauna, Massage",ChIJO6gDIFPR3IARRssaZu8wq9M,"Infrared Sauna available in Anaheim, California. Day Pass available.",https://plungesaunafinder.com/california/anaheim/hotworx-anaheim-ca-anaheim-hills-festival,https://plungesaunafinder.com/california/anaheim/hotworx-anaheim-ca-anaheim-hills-festival
AR Refresh Wellness LLC,1011 N 2nd St Suite F,Cabot,Arkansas,72023,34.9815816,-92.0089537,(501) 286-4144,https://arrefreshwellness.com/,5,8,"Cryotherapy, Infrared Sauna, Red Light Therapy, Traditional Sauna",ChIJUQwEpXjv0ocRqkaVLYK0VXo,"Traditional Sauna available in Cabot, Arkansas. Day Pass available.",https://plungesaunafinder.com/arkansas/cabot/ar-refresh-wellness-llc,https://plungesaunafinder.com/arkansas/cabot/ar-refresh-wellness-llc
Palm Beach Tan,1130 University Blvd Ste B-7,Tuscaloosa,Alabama,35401,33.2112862,-87.5524165,(205) 345-8912,https://palmbeachtan.com/locations/AL/Tuscaloosa-University-Boulevard/?utm_source=google_my_business&utm_medium=organic&utm_campaign=seo&utm_content=ALA007,3.8,43,"Infrared Sauna, Red Light Therapy, Halotherapy",ChIJV_mDLZYChogRsB7V8iIRpJc,"Infrared Sauna available in Tuscaloosa, Alabama. Day Pass available.",https://plungesaunafinder.com/alabama/tuscaloosa/palm-beach-tan-the-strip,https://plungesaunafinder.com/alabama/tuscaloosa/palm-beach-tan-the-strip
Renoja Wellness,20241 N 67th Ave Ste A4,Glendale,Arizona,85308,33.6710196,-112.2006485,(623) 244-0188,https://renoja.com/studio/glendale-az/,5,102,"Cryotherapy, Red Light Therapy, Infrared Sauna, PEMF Therapy, Halotherapy, Massage",ChIJyXKm3_lpK4cRb-ZWRlMHkWs,"Cryotherapy available in Glendale, Arizona. Membership available.",https://plungesaunafinder.com/arizona/glendale/renoja-wellness-arrowhead-ranch,https://plungesaunafinder.com/arizona/glendale/renoja-wellness-arrowhead-ranch
Fitness System Lodi,512 N Cherokee Ln,Lodi,California,95240,38.1410215,-121.2600896,(209) 366-2800,https://fitnesssystemhealthclubs.com/locations/gym-in-lodi-ca/?utm_source=google&utm_medium=gmb&utm_campaign=gmb_listings&utm_content=lodi,4.4,224,"Infrared Sauna, Massage, Traditional Sauna",ChIJz5Ys2oqfmoARKNKtRfleH_I,"Traditional Sauna available in Lodi, California. Membership available.",https://plungesaunafinder.com/california/lodi/fitness-system-lodi,https://plungesaunafinder.com/california/lodi/fitness-system-lodi
UNIFY HEALTH + FITNESS,4221 E Chandler Blvd Suite #118-119,Phoenix,Arizona,85048,33.3049017,-111.9924447,(602) 644-1563,http://www.unifyaz.com/,5,38,"Traditional Sauna, Infrared Sauna, Cold Plunge, Red Light Therapy, Massage",ChIJX7cRmGYEK4cRgAQkhNgnKvo,"Traditional Sauna available in Phoenix, Arizona. Private Session available.",https://plungesaunafinder.com/arizona/phoenix/unify-health-fitness,https://plungesaunafinder.com/arizona/phoenix/unify-health-fitness
Timber Arched Saunas,2228 E Kelton Ln,Phoenix,Arizona,85022,33.6381357,-112.0334308,(320) 815-2551,https://www.timberarched.com/,5,13,"Cold Plunge, Infrared Sauna, Traditional Sauna",ChIJdwXGXfJxK4cRTP-47AQP5Y4,"Traditional Sauna available in Phoenix, Arizona. Private Session available.",https://plungesaunafinder.com/arizona/phoenix/timber-arched-saunas,https://plungesaunafinder.com/arizona/phoenix/timber-arched-saunas
Mind Body Flow,1569 Olivina Ave #117,Livermore,California,94551,37.6821026,-121.7787392,(925) 872-9997,https://www.mind-body-flow.com/,5,12,"Float, Infrared Sauna, Massage",ChIJcXWiZhXnj4ARINd5I0t_SUc,"Float available in Livermore, California. Membership available.",https://plungesaunafinder.com/california/livermore/mind-body-flow,https://plungesaunafinder.com/california/livermore/mind-body-flow
beem® Light Sauna - Tuscaloosa,1800 McFarland Blvd E Suite #422,Tuscaloosa,Alabama,35404,33.1944845,-87.5278421,(205) 650-6000,https://beemlightsauna.com/tuscaloosa/,5,33,"Infrared Sauna, Red Light Therapy",ChIJtSdm_76piIgRLZuzyxOr9MA,"Red Light Therapy available in Tuscaloosa, Alabama. Day Pass available.",https://plungesaunafinder.com/alabama/tuscaloosa/beem-light-sauna-tuscaloosa,https://plungesaunafinder.com/alabama/tuscaloosa/beem-light-sauna-tuscaloosa
"NEW Yoni, V-Steam Day Spa B.W.I.T “Purr”Fect Kitties Steam Bar",2177 Las Positas Ct Suite A,Livermore,California,94551,37.6972159,-121.7744572,(925) 758-2250,https://www.bwitpurrfectkitties.com/?utm_source=google&utm_medium=wix_google_business_profile&utm_campaign=13704658917456206011,5,27,Infrared Sauna,ChIJQR1Y6Dvnj4AR0c_djTbRObA,"Traditional Sauna available in Livermore, California. Private Session available.",https://plungesaunafinder.com/california/livermore/new-yoni-v-steam-day-spa-b-w-i-t-purr-fect-kitties-steam-bar,https://plungesaunafinder.com/california/livermore/new-yoni-v-steam-day-spa-b-w-i-t-purr-fect-kitties-steam-bar
Rejuvenate Mind Body,19420 N 59th Ave Suite C-122,Glendale,Arizona,85308,33.6627285,-112.1873706,(623) 320-9178,https://rejuvenatemb.com/,5,26,"Infrared Sauna, Cold Plunge, Red Light Therapy",ChIJp7_Ef2BpK4cRshhNhX05JOI,"Infrared Sauna available in Glendale, Arizona. Day Pass available.",https://plungesaunafinder.com/arizona/glendale/rejuvenate-mind-body,https://plungesaunafinder.com/arizona/glendale/rejuvenate-mind-body
Neptunes Lagoons,2784 W Ball Rd,Anaheim,California,92804,33.8170975,-117.9839135,(714) 761-8325,http://www.neptuneslagoons.net/,3.9,150,"Hot Tub, Infrared Sauna, Traditional Sauna",ChIJfzMJ2xEp3YARWwGso1hTuIg,"Hot Tub available in Anaheim, California. Private Session available.",https://plungesaunafinder.com/california/anaheim/neptunes-lagoons,https://plungesaunafinder.com/california/anaheim/neptunes-lagoons
Lido Palms Resort and Spa,12801 Tamar Dr,Desert Hot Springs,California,92240,33.9556956,-116.4883568,(760) 329-6033,https://www.lidopalms.com/,4.6,112,"Infrared Sauna, Massage, Traditional Sauna",ChIJ0RqOtt8h24ARtOKc69vlNWE,"Traditional Sauna available in Desert Hot Springs, California. Day Pass available.",https://plungesaunafinder.com/california/desert-hot-springs/lido-palms-resort-and-spa,https://plungesaunafinder.com/california/desert-hot-springs/lido-palms-resort-and-spa
Lodi Micro Clinic Beauty & Wellness,1820 W Kettleman Ln Suite D,Lodi,California,95242,38.1145345,-121.2955297,(209) 327-6342,http://lodimicroclinic.com/,4.9,29,"Infrared Sauna, Massage",ChIJvS3XTxGhmoARp-ZkvtEDN1k,"Infrared Sauna available in Lodi, California. Private Session available.",https://plungesaunafinder.com/california/lodi/lodi-micro-clinic-beauty-wellness,https://plungesaunafinder.com/california/lodi/lodi-micro-clinic-beauty-wellness
